START_ID,END_ID,TYPE,source
DGKPLLPEPEEKPKPRSESELIDELSEDFDRSECK,P20810-5,BELONGS_TO_PROTEIN,UniProt
IENPNSLQDQSHALLK,A0A5F9ZHM6,BELONGS_TO_PROTEIN,UniProt
RPSQGAAGSPSLESGGGPAPPALGPR,P32927,BELONGS_TO_PROTEIN,UniProt
TLDPKDWKNQDHYAVLGLGHVR,F2Z3N9,BELONGS_TO_PROTEIN,UniProt
MVTISDASQRTE,O43491,BELONGS_TO_PROTEIN,UniProt
GGCNITAIQDVTGAHIDVDKQK,H0Y785,BELONGS_TO_PROTEIN,UniProt
LGVPFQVLVATHAGLYRK,A0A0D9SFD6,BELONGS_TO_PROTEIN,UniProt
LHRFDSQ,Q8TEB9,BELONGS_TO_PROTEIN,UniProt
SPSGSAFGSQENLRWR,Q96N67-2,BELONGS_TO_PROTEIN,UniProt
SVVINTLCQAQTK,Q8IVF4,BELONGS_TO_PROTEIN,UniProt
MQQHEQALADCRR,Q9UNE7-2,BELONGS_TO_PROTEIN,UniProt
LSDSFFLPLK,C9JFW8,BELONGS_TO_PROTEIN,UniProt
ACLISMGYDLGEAEFAR,F6THM6,BELONGS_TO_PROTEIN,UniProt
GVVIPTWNISPIK,Q3T8J9-2,BELONGS_TO_PROTEIN,UniProt
SRSWHDVQVSSAY,O43399-3,BELONGS_TO_PROTEIN,UniProt
HTLLYGHR,O00214-2,BELONGS_TO_PROTEIN,UniProt
SRVEEVDGSLVRILFLDDK,E9PRF4,BELONGS_TO_PROTEIN,UniProt
LTTLELLEVRRQQEEEER,Q01082-2,BELONGS_TO_PROTEIN,UniProt
VVTVGQFK,Q9UBQ0-2,BELONGS_TO_PROTEIN,UniProt
KMVSFRSKFKDLE,A6NJA2,BELONGS_TO_PROTEIN,UniProt
DAMTQALQEQ,P29590-2,BELONGS_TO_PROTEIN,UniProt
APSYGSEGPAQR,A0AV02-2,BELONGS_TO_PROTEIN,UniProt
SSGTNFQGLPSKIDTLK,Q68EM7-2,BELONGS_TO_PROTEIN,UniProt
MEEALQARL,C9JMB8,BELONGS_TO_PROTEIN,UniProt
CSCLDGFSSPTGNDWVPGKPGNFSCTDINECLTSR,Q14246-4,BELONGS_TO_PROTEIN,UniProt
YLFKEVAGPTEMCDQR,P46939-4,BELONGS_TO_PROTEIN,UniProt
GVDLPSVEAQLGSHRGL,Q15149-2,BELONGS_TO_PROTEIN,UniProt
YIEPLRR,Q96RN5-2,BELONGS_TO_PROTEIN,UniProt
KGWGLLGPRNELFDAA,Q7L2E3,BELONGS_TO_PROTEIN,UniProt
FSSMAPDLDRLNELGYRLPLNDK,E7ENN3,BELONGS_TO_PROTEIN,UniProt
KATIEGYYQ,O95394,BELONGS_TO_PROTEIN,UniProt
DISKIMMKCWDYKPE,W0S4B9,BELONGS_TO_PROTEIN,UniProt
LHTFESHKDEIFQVHWSPHNETILASSGTDRRLNVWDLSK,Q16576-2,BELONGS_TO_PROTEIN,UniProt
GEVLPEEITEESLEESVGK,Q68E01,BELONGS_TO_PROTEIN,UniProt
AINVLGEASVDCR,Q13203,BELONGS_TO_PROTEIN,UniProt
EEYMAFMNDFLEHEWGGMK,H0Y638,BELONGS_TO_PROTEIN,UniProt
HGCGQYSAQR,E5RHW6,BELONGS_TO_PROTEIN,UniProt
DNNPQVDWK,P37088,BELONGS_TO_PROTEIN,UniProt
DGCRIHVIDHSGARLGEYE,Q99426,BELONGS_TO_PROTEIN,UniProt
PLSVELGPGIMGAIFDGIQRPLSDISSQTQSIYIPR,C9JVW8,BELONGS_TO_PROTEIN,UniProt
MEQPEGCPPKVYELMR,P42684-8,BELONGS_TO_PROTEIN,UniProt
KSFPAAIEHTIQWARD,A0AVT1-2,BELONGS_TO_PROTEIN,UniProt
QYGNYVIQHVLE,A0A0A0MR59,BELONGS_TO_PROTEIN,UniProt
KEVMLQNGETPK,A0A2R8Y425,BELONGS_TO_PROTEIN,UniProt
DFMLALSLQNEGQASSVAEQ,F8VNX8,BELONGS_TO_PROTEIN,UniProt
IISHFSQDDLTALVQMTEK,E5RFZ0,BELONGS_TO_PROTEIN,UniProt
AAMGCQVYEAYGQTECTGGCTFTLPGDWTSGHVGVPLACNYVK,Q9ULC5-4,BELONGS_TO_PROTEIN,UniProt
KVEYTLGEESEAPGQRALPSEELNRQLE,E9PGM1,BELONGS_TO_PROTEIN,UniProt
DNIRYGRVTAGNDEVEAAAQAAGIH,Q9NP58-4,BELONGS_TO_PROTEIN,UniProt
RKVEQEGYLQESSK,P10242-12,BELONGS_TO_PROTEIN,UniProt
CGSKAYHLQKSTCGK,P61927,BELONGS_TO_PROTEIN,UniProt
YTIKCYE,O14777,BELONGS_TO_PROTEIN,UniProt
AQRHISDLYEDLRDGHNLISLLEVLSGDSLPR,Q15149-5,BELONGS_TO_PROTEIN,UniProt
FTQVWEAMVLYT,Q9Y4K1-2,BELONGS_TO_PROTEIN,UniProt
VKTLTGKTITLEVEPSDTIENVKAKIQDKEGIPPDQQRL,B4DV12,BELONGS_TO_PROTEIN,UniProt
WKCDGEDDCGDGSDEPK,H0YJ88,BELONGS_TO_PROTEIN,UniProt
IHFGATGKLASADIETYLLEK,Q9Y623;Q9UKX3;P13533;P12883,BELONGS_TO_PROTEIN,UniProt
VLLNSAAAR,Q9NR82-2,BELONGS_TO_PROTEIN,UniProt
VTTQNVYFYDGSTERVE,H0Y764,BELONGS_TO_PROTEIN,UniProt
AYKNARSQEEAE,Q9UPQ0-5,BELONGS_TO_PROTEIN,UniProt
HRLEEEQR,A0A590UJE1,BELONGS_TO_PROTEIN,UniProt
EAVGGLQTVR,Q03519,BELONGS_TO_PROTEIN,UniProt
QLSEEYERIVNPEK,O94864-2,BELONGS_TO_PROTEIN,UniProt
TTEMALESLKQQLVDLHHSESLQR,O94986-2,BELONGS_TO_PROTEIN,UniProt
KDPEGTPYINHPIGVAR,H0YNP9,BELONGS_TO_PROTEIN,UniProt
NRYGNIIAYDHSR,Q5TG12,BELONGS_TO_PROTEIN,UniProt
QQQIYQELTDLK,Q9H2X3-10,BELONGS_TO_PROTEIN,UniProt
HVGHLLR,A0A2R8Y5T7,BELONGS_TO_PROTEIN,UniProt
KAEVTLDGVWPTDK,A0A3B3ITD8,BELONGS_TO_PROTEIN,UniProt
KLPTTGEVHIWVK,Q9HCH5-15,BELONGS_TO_PROTEIN,UniProt
LNESNELHEK,Q5M9N0-2,BELONGS_TO_PROTEIN,UniProt
LNEPLAKVSLLKDDLQGAQSE,Q14BN4-5,BELONGS_TO_PROTEIN,UniProt
SIQFVDWCPTGFKVGINYQPPTVVPGGDLAKVQR,P68366-2;P68363,BELONGS_TO_PROTEIN,UniProt
GKFMKPGKVVLVLAGR,P61353,BELONGS_TO_PROTEIN,UniProt
AHLLETTPK,Q9UL54-2,BELONGS_TO_PROTEIN,UniProt
LHYYCEDDGKLLCVMCR,A2AE48,BELONGS_TO_PROTEIN,UniProt
RLWSSKDVRD,Q5URX0,BELONGS_TO_PROTEIN,UniProt
HLFVHIGHANHSYSDPLLESVDIR,E9PKB7,BELONGS_TO_PROTEIN,UniProt
FFLRSEDLFNE,Q14643,BELONGS_TO_PROTEIN,UniProt
YKFENWGACDGGTGTK,P21741-2,BELONGS_TO_PROTEIN,UniProt
VRTDSIGEKLGRY,Q7Z3U7,BELONGS_TO_PROTEIN,UniProt
MALIQLGSVEEAIQALIELHNHDLGENHHLRVSFSK,O95758,BELONGS_TO_PROTEIN,UniProt
ILFEITAGALGK,Q9Y3E7-4,BELONGS_TO_PROTEIN,UniProt
GAIIYVIKKNDDGWYE,A0A0A0MRT6,BELONGS_TO_PROTEIN,UniProt
ISIGNVVK,Q9Y490,BELONGS_TO_PROTEIN,UniProt
VKAHGPGLEGGLVGKPAEFTIDTK,O75369-9,BELONGS_TO_PROTEIN,UniProt
EVGFFIIR,O75791,BELONGS_TO_PROTEIN,UniProt
LENNHCHIEESEHVLK,Q96JC1,BELONGS_TO_PROTEIN,UniProt
LVMEDGKMDPVAYR,A0A1B0GTT3,BELONGS_TO_PROTEIN,UniProt
LEKELQSSSEQNTFLINK,Q9Y592,BELONGS_TO_PROTEIN,UniProt
AGFSWIEVTFK,H7C0L5,BELONGS_TO_PROTEIN,UniProt
ELEPELLLQEAR,Q8IUI8,BELONGS_TO_PROTEIN,UniProt
DGSASAAAK,P43243-2,BELONGS_TO_PROTEIN,UniProt
SSSANSK,O75179-4,BELONGS_TO_PROTEIN,UniProt
CEFCGEFFENRK,O95785-4,BELONGS_TO_PROTEIN,UniProt
RVKIEPGVDPDDTY,A6NKB8,BELONGS_TO_PROTEIN,UniProt
TGTLTCNVMQFKK,Q9Y2Q0,BELONGS_TO_PROTEIN,UniProt
DSLHQPQYVEKLEK,Q93008,BELONGS_TO_PROTEIN,UniProt
PNSEPASLLELFNSIATQGELVRSLKAGNASK,G3V2F2,BELONGS_TO_PROTEIN,UniProt
DKTEFSIIHYAGKV,P35749-3,BELONGS_TO_PROTEIN,UniProt
ISTAFHTQQSEGAETTGRPHER,E7EUL9,BELONGS_TO_PROTEIN,UniProt
AGDALNERK,P20929-3,BELONGS_TO_PROTEIN,UniProt
SSSQEQEPSAPPEAHGPVCC,Q7Z6L1-4,BELONGS_TO_PROTEIN,UniProt
KGILAADESVGSMA,P09972,BELONGS_TO_PROTEIN,UniProt
THLLSLSSLTYQR,K7EQ86,BELONGS_TO_PROTEIN,UniProt
VPQIPFGSSVHIEPYTELYHYSTSVITSSSTREYTVTEPER,P14543-2,BELONGS_TO_PROTEIN,UniProt
DILVDLGHLEGADAGEEDLEQQFHYHLRGLHTVLSK,Q9NPA3,BELONGS_TO_PROTEIN,UniProt
AVFGHPFSLGWASPFATPDQGKADPYQYVV,Q9NYG2-2,BELONGS_TO_PROTEIN,UniProt
VPTHVPVCVLGNYR,H0Y7H6,BELONGS_TO_PROTEIN,UniProt
DPSLRKSGVGNIFIKNL,E5RGH3,BELONGS_TO_PROTEIN,UniProt
HPSNPNMVVSGSSDGLVNVF,Q96FK6,BELONGS_TO_PROTEIN,UniProt
CYGSVTHTPYQLSAPSDPLDIVVTGPYEK,A0A0G2JP89,BELONGS_TO_PROTEIN,UniProt
MLDFETFLPILQHISR,I3L1K6,BELONGS_TO_PROTEIN,UniProt
LGEKEETIPPDYR,P20810-5,BELONGS_TO_PROTEIN,UniProt
DQRLPEEPVLEDEQQQLEKKLPVTFE,Q15811-11,BELONGS_TO_PROTEIN,UniProt
NCTLLLSNVSPELGGK,P20916,BELONGS_TO_PROTEIN,UniProt
EEAFEIDYSSLKEDLK,Q8NDV3-2,BELONGS_TO_PROTEIN,UniProt
DNEVEQEDLAQSLSLVK,A0A087WTD7,BELONGS_TO_PROTEIN,UniProt
DTMDAINVLSK,Q96PZ0,BELONGS_TO_PROTEIN,UniProt
LVDLPISK,H0YJD4,BELONGS_TO_PROTEIN,UniProt
NILKQGIETPEDQNDLR,Q15637-5,BELONGS_TO_PROTEIN,UniProt
VTSVHLPDYAHYYTIGPGMFPSSQIPSWK,O43312-5,BELONGS_TO_PROTEIN,UniProt
NDDSWLASQHSLVSQLRR,F2Z2U4,BELONGS_TO_PROTEIN,UniProt
QQGLRQDHPGQMDRYLVYGDEYK,Q63HN8,BELONGS_TO_PROTEIN,UniProt
KTVEVLEPEVT,A0A087WVE1,BELONGS_TO_PROTEIN,UniProt
KLCLNICVGESGDR,P62913-2,BELONGS_TO_PROTEIN,UniProt
DYTKHPAKPDPSGECNPDLRL,Q16576-2,BELONGS_TO_PROTEIN,UniProt
DTQIKRNTFVGTPFWMAPEVIQQSAY,Q9P289-3,BELONGS_TO_PROTEIN,UniProt
LLDLQPLPVSALRNSAFE,A0A494C1A5,BELONGS_TO_PROTEIN,UniProt
ATRDLAAAIDRMDKY,Q5T160,BELONGS_TO_PROTEIN,UniProt
KNSMIALVDNLASKEPY,J3QRN6,BELONGS_TO_PROTEIN,UniProt
DQALKDDDAETGLTDGEEKEEPK,P21579,BELONGS_TO_PROTEIN,UniProt
AQEPVKGPVSTKPGSCPIILIR,P19957,BELONGS_TO_PROTEIN,UniProt
LNRRLQLLEEENK,A0A0A0MS29,BELONGS_TO_PROTEIN,UniProt
NFSCGSVEFDEADLESLR,E9PDY7,BELONGS_TO_PROTEIN,UniProt
IISKTKQVIQGLE,Q07866-5,BELONGS_TO_PROTEIN,UniProt
AVDNQVYVATASPARDDKASYVAWGHSTVVNPWGEVLAK,Q9NQR4,BELONGS_TO_PROTEIN,UniProt
TLRVCAYPDVIDPSAHETPK,O94967-3,BELONGS_TO_PROTEIN,UniProt
PRGFARGLEPERIIGATDSSGELMFLMK,P83916,BELONGS_TO_PROTEIN,UniProt
HQHHLQGCLDALGHYK,Q969Y2-3,BELONGS_TO_PROTEIN,UniProt
ESEPAEEVK,A6NMQ1,BELONGS_TO_PROTEIN,UniProt
DCWTVAFGNAYNQEER,Q96MX6-2,BELONGS_TO_PROTEIN,UniProt
RAGQPVYQQGRACTSTK,Q8TDZ2-2,BELONGS_TO_PROTEIN,UniProt
SNSSLQLQHHDTTHE,Q9Y597-2,BELONGS_TO_PROTEIN,UniProt
SLEDPQTHSNRIY,P08238,BELONGS_TO_PROTEIN,UniProt
LICEELK,E9PDM8,BELONGS_TO_PROTEIN,UniProt
AGAVQLRADPAIKEPLPVED,I3L2N7,BELONGS_TO_PROTEIN,UniProt
EAELLTNLQHEHIVK,H0YM90,BELONGS_TO_PROTEIN,UniProt
KIVMEAAA,A0A5F9ZI12,BELONGS_TO_PROTEIN,UniProt
GDASPGAPPR,A0A140TA52,BELONGS_TO_PROTEIN,UniProt
FKVPTLK,Q9H0K6-2,BELONGS_TO_PROTEIN,UniProt
IKFADIHIIGDINIRPNK,Q13621,BELONGS_TO_PROTEIN,UniProt
QYPWGVVQVENENHCDFVK,D6RER5,BELONGS_TO_PROTEIN,UniProt
MVATTKPK,Q14978-3,BELONGS_TO_PROTEIN,UniProt
NAPAAVDEGSISPRTLSAIKR,A0A1W2PS85,BELONGS_TO_PROTEIN,UniProt
AFAKELFLGK,D6R9Z3,BELONGS_TO_PROTEIN,UniProt
PIPEAEEAQRPEPVGTSSNADSASPDLGPRGPDLAVLQAER,K7EKX9,BELONGS_TO_PROTEIN,UniProt
ALSEQINIFFDYSGRDLEDKEGEIQAGAK,Q13409-3,BELONGS_TO_PROTEIN,UniProt
DMDLTEVITGTLWNLSSHDSIK,O60716-6,BELONGS_TO_PROTEIN,UniProt
ERSEEIEQTSLSSKNESAGPESR,Q8NE09-2,BELONGS_TO_PROTEIN,UniProt
ETNESPWRSDLLIDENCLLSPLAGEDDSFLLEGNSNEDCK,P04150,BELONGS_TO_PROTEIN,UniProt
QAAKKTLPTPSPE,Q6ICJ4;A0A087WY67,BELONGS_TO_PROTEIN,UniProt
QQPQHSSSSNGVKMENDESAKEEK,A0A0A0MR39,BELONGS_TO_PROTEIN,UniProt
REAQLRASLEVTQQQATQAEGQLLELRK,H0YG27,BELONGS_TO_PROTEIN,UniProt
ELGAGQAPSLGDRTR,Q96SQ9,BELONGS_TO_PROTEIN,UniProt
ETSSTGEEALVAAVR,A0A0A0MRW6,BELONGS_TO_PROTEIN,UniProt
DVNCPFKIQDR,G3V4C6,BELONGS_TO_PROTEIN,UniProt
FGGLSIKKDEEVL,A0A140T9K2,BELONGS_TO_PROTEIN,UniProt
DGDMHSSSLTVECSK,Q12888-3,BELONGS_TO_PROTEIN,UniProt
INDLEHSVHHWTINK,H0Y343,BELONGS_TO_PROTEIN,UniProt
TVKHELLPSVNDITAVGPAHFYATNDHYFSDPFLK,Q15165-1,BELONGS_TO_PROTEIN,UniProt
DTSQSDKDLDDALDKLSDSLGQR,P20810-7,BELONGS_TO_PROTEIN,UniProt
QTLGPVLDSGR,Q9H4L5-7,BELONGS_TO_PROTEIN,UniProt
SFADAQGCTDLHK,Q96PQ7-3,BELONGS_TO_PROTEIN,UniProt
RHLAEYTHVEAECPFLTFDDLLNR,O43776,BELONGS_TO_PROTEIN,UniProt
RNEPNSYAISFR,P19174-2,BELONGS_TO_PROTEIN,UniProt
TEALTSAKR,P06396-3,BELONGS_TO_PROTEIN,UniProt
VNFLVNAAGINRDGLLVR,Q8N4T8,BELONGS_TO_PROTEIN,UniProt
KCDEYIEALNTGK,O14802,BELONGS_TO_PROTEIN,UniProt
SFIELTPPAK,Q2KHT4-6,BELONGS_TO_PROTEIN,UniProt
VQLSNVFGTVDAILDVEIQDKPDK,Q8WZ42-2,BELONGS_TO_PROTEIN,UniProt
KDMLASPSTSGQLSQFGASLYG,F8VV52,BELONGS_TO_PROTEIN,UniProt
GDVEHTIRDILGGIR,Q9P2T1-2,BELONGS_TO_PROTEIN,UniProt
ATMQMTPGEFR,Q14678,BELONGS_TO_PROTEIN,UniProt
KTIQPDLNGFIPGSAA,H7C1V2,BELONGS_TO_PROTEIN,UniProt
DGTCTVSYLPTAPGDYSIIVR,Q14315-2,BELONGS_TO_PROTEIN,UniProt
DSQQTNDYMQPEEDWDRDL,P12814,BELONGS_TO_PROTEIN,UniProt
KQQQLNNLVYVVTNQAK,Q8NEC7,BELONGS_TO_PROTEIN,UniProt
TFGQSANGQWR,Q9P0U3,BELONGS_TO_PROTEIN,UniProt
TLIERLVDYLDVGFDTTR,P12111-3,BELONGS_TO_PROTEIN,UniProt
WDLVLAASAASTE,P35658,BELONGS_TO_PROTEIN,UniProt
SASENLDELSSSSSWLLNQK,A0AUZ9-2,BELONGS_TO_PROTEIN,UniProt
TPVFIFER,Q5T4S7,BELONGS_TO_PROTEIN,UniProt
VLKAQSAGTVRSAAPPQE,P20810-3,BELONGS_TO_PROTEIN,UniProt
KLKESYCQR,P63165-2,BELONGS_TO_PROTEIN,UniProt
DKASSLIEEAKKAAGHPGDPESQQRL,Q9Y490,BELONGS_TO_PROTEIN,UniProt
WRFPARPGTTGGGGGGGR,Q03164,BELONGS_TO_PROTEIN,UniProt
VPERKLQANGPVAK,Q14978,BELONGS_TO_PROTEIN,UniProt
TWIAMAYCSPK,A0A0A0MTC1,BELONGS_TO_PROTEIN,UniProt
ANHVHGVLNGVAPSSATNAE,Q9NRG7-3,BELONGS_TO_PROTEIN,UniProt
KEETSTCIATPDVEKK,A8MXR8,BELONGS_TO_PROTEIN,UniProt
LQQLSGSQLHGKSDSPNVYTEKKE,Q9ULG6-2,BELONGS_TO_PROTEIN,UniProt
LIINSLYKNK,A0A1W2PRR1,BELONGS_TO_PROTEIN,UniProt
DSSQDPDFEENEFLY,A0A0G2JNJ7,BELONGS_TO_PROTEIN,UniProt
NRYGNIIAYDHSR,P28827-2;A0A0G2JQF6,BELONGS_TO_PROTEIN,UniProt
HNKTQITTTMYTVTGLVPDAEYQFR,Q8WZ42-13,BELONGS_TO_PROTEIN,UniProt
CDVYIETPDTGGVFIAGR,G3V255,BELONGS_TO_PROTEIN,UniProt
GHREYTESMCLLESELEAQLGEFHLR,Q6ZS17-3,BELONGS_TO_PROTEIN,UniProt
LKDWHDK,Q86SR1,BELONGS_TO_PROTEIN,UniProt
EKAVASPEATVSQTDENKAR,Q9Y4E1-6,BELONGS_TO_PROTEIN,UniProt
AMHEASKKLNECLQEVYEPDWPGR,O00499-8,BELONGS_TO_PROTEIN,UniProt
LQKPLTFNDLVKPVCLPNPGMMLQPEQLCWISGWGATEEK,O15393,BELONGS_TO_PROTEIN,UniProt
RWQAVLAQTDVRQRE,Q15149-4,BELONGS_TO_PROTEIN,UniProt
LKGEALLQTPDCEIKEEGK,A0A0A0MRA3,BELONGS_TO_PROTEIN,UniProt
CTGESGAGKTENTKKVIQYL,P35580-2,BELONGS_TO_PROTEIN,UniProt
AIELFSVGQGPAKTMEEASKR,B7Z8J4,BELONGS_TO_PROTEIN,UniProt
LNVAEVTQSEIGQKQK,Q9HBI1,BELONGS_TO_PROTEIN,UniProt
WMGIAFR,Q9BUJ2-2,BELONGS_TO_PROTEIN,UniProt
THTIFSLLGVDHAYVTSIGR,P51788,BELONGS_TO_PROTEIN,UniProt
IGSMSSVTSNKETDPPPPLTR,P28290-3,BELONGS_TO_PROTEIN,UniProt
MRTPSNLAAAR,Q86U86-2,BELONGS_TO_PROTEIN,UniProt
SPTLGIARTPMKTSSGDPPSPLVK,F5GX58,BELONGS_TO_PROTEIN,UniProt
HPSPAHTLFSGNK,A0A087X0T5,BELONGS_TO_PROTEIN,UniProt
YELAHPPEEWK,Q05397-7,BELONGS_TO_PROTEIN,UniProt
SSVELPPYSGTVLCGTQAVDK,Q14694,BELONGS_TO_PROTEIN,UniProt
NIENMLQNK,P21675-9,BELONGS_TO_PROTEIN,UniProt
VSADMHRMAAAF,A8K070,BELONGS_TO_PROTEIN,UniProt
KCSTQEFFLIVK,A0A590UKC9,BELONGS_TO_PROTEIN,UniProt
AVGNCSYNQLVEK,Q8NBR6-2,BELONGS_TO_PROTEIN,UniProt
FNSQSQAEAHYK,Q96PM9,BELONGS_TO_PROTEIN,UniProt
TQDPVPPETPSDSDHKKK,A0JLT2,BELONGS_TO_PROTEIN,UniProt
LLLEYTDSSYEEK,Q03013-3,BELONGS_TO_PROTEIN,UniProt
IVSGADDRQVKIW,A0A3B3ITV3,BELONGS_TO_PROTEIN,UniProt
EELRSPKLFYADHPFIFLVR,H0YEP8,BELONGS_TO_PROTEIN,UniProt
AAKGFGGKYGVE,P14317,BELONGS_TO_PROTEIN,UniProt
LPGLEQVLNTQDVQDVQNVQNILEMLLR,Q63HN8-5,BELONGS_TO_PROTEIN,UniProt
RSDTGLYTITAVNNLGTASK,Q8WZ42-4,BELONGS_TO_PROTEIN,UniProt
EIFCQCGVNK,Q96T68-2,BELONGS_TO_PROTEIN,UniProt
FPGVGVLPGVPTGAGVK,E7ENM0,BELONGS_TO_PROTEIN,UniProt
EFSGYVESGLKTILQCALNRPAFFAER,P20073-2,BELONGS_TO_PROTEIN,UniProt
HGFTIMNR,B4DVJ6,BELONGS_TO_PROTEIN,UniProt
DAVAAMSKD,G8JLB6,BELONGS_TO_PROTEIN,UniProt
AEEIYPIKER,E9PMT1,BELONGS_TO_PROTEIN,UniProt
VYSASQWDCPLGLIPHPHR,Q92466,BELONGS_TO_PROTEIN,UniProt
DNPLGSLCRGIL,A0A0A0MRF9,BELONGS_TO_PROTEIN,UniProt
RSWLIIQR,C9J0G8,BELONGS_TO_PROTEIN,UniProt
DASTLIRQVL,A0A087WUR6,BELONGS_TO_PROTEIN,UniProt
LSKTRSLQQGPDGLRKQHQSDVE,Q9H2D6-5,BELONGS_TO_PROTEIN,UniProt
RPIVEFSLEDRR,Q9NW13-2,BELONGS_TO_PROTEIN,UniProt
AFRNSSGLTVHK,Q8NB50,BELONGS_TO_PROTEIN,UniProt
QELEAELTLRALK,P50748,BELONGS_TO_PROTEIN,UniProt
KQENGILRDAVSNTTNQLESKQSAEL,Q86UP2-4,BELONGS_TO_PROTEIN,UniProt
DYIRSPLPFQNRYPGTPA,Q99996,BELONGS_TO_PROTEIN,UniProt
RKVEQEGYLQESSK,A0A087WTI6,BELONGS_TO_PROTEIN,UniProt
VSDYILQHK,O75129,BELONGS_TO_PROTEIN,UniProt
GQVDIYNINDPLKE,Q8IZQ1-2,BELONGS_TO_PROTEIN,UniProt
TMDPNTLFR,O95294-2,BELONGS_TO_PROTEIN,UniProt
NLAVDAR,O60716-12,BELONGS_TO_PROTEIN,UniProt
HMIIEHK,C9JH62,BELONGS_TO_PROTEIN,UniProt
DLDYLTIRDVSLSHEVR,Q9Y2Z2-4,BELONGS_TO_PROTEIN,UniProt
GAEKPVPPRLLTEEEYRIQGEVETRK,O14524-2,BELONGS_TO_PROTEIN,UniProt
YDSLLGR,O14974-5,BELONGS_TO_PROTEIN,UniProt
TYLGNALVCTCYGGSR,P02751-8,BELONGS_TO_PROTEIN,UniProt
QESQFEFK,Q96QZ7-4,BELONGS_TO_PROTEIN,UniProt
FYDANYDGKEYDPVEARQGQDAIPPPDPGEQIFNLPK,Q15555-5,BELONGS_TO_PROTEIN,UniProt
LAYQELQIDRK,G5E9L0,BELONGS_TO_PROTEIN,UniProt
YGDPELEHA,Q9Y6C2,BELONGS_TO_PROTEIN,UniProt
SHCLKLEENIKTAEEQGELAFQDAK,Q6KB66-3,BELONGS_TO_PROTEIN,UniProt
HPLCCGSGDNTANPER,Q15032-2,BELONGS_TO_PROTEIN,UniProt
TLSGLLEWECKTDAVEALTALNHYQIR,Q8WVV9-4,BELONGS_TO_PROTEIN,UniProt
SKDGFLGVSR,Q9NZV5,BELONGS_TO_PROTEIN,UniProt
QLAQFQAQLQTGSPPATTQPQGTTQPPAQPASQGSGPTA,Q15714-2,BELONGS_TO_PROTEIN,UniProt
DIVRLESSIKELH,A0A0C4DGE4,BELONGS_TO_PROTEIN,UniProt
VHSGERPFQCLK,H7BXP3,BELONGS_TO_PROTEIN,UniProt
VAHSAPVGAQLATELSIAEGQEVLFGVFVTGK,Q04912-2,BELONGS_TO_PROTEIN,UniProt
REEEKEGEDK,O14974-2,BELONGS_TO_PROTEIN,UniProt
KYYGSYF,A0A087WZ06,BELONGS_TO_PROTEIN,UniProt
DTALLLDPNIYRTMPQK,Q6ZN18,BELONGS_TO_PROTEIN,UniProt
LWVGGLGPNTSLAALAR,Q8NDT2,BELONGS_TO_PROTEIN,UniProt
HHLNPLADSYVLKQEIQEGK,Q14865,BELONGS_TO_PROTEIN,UniProt
LLRKQNLARLE,Q96NU1-1,BELONGS_TO_PROTEIN,UniProt
TGVGYPQLSAVMECADAAHGLK,Q9P2T1-3,BELONGS_TO_PROTEIN,UniProt
HILVINDSQFDDEGVYTAEVEGKKTSAR,Q8WZ42-13,BELONGS_TO_PROTEIN,UniProt
HNSYLATHRR,Q9HCG1,BELONGS_TO_PROTEIN,UniProt
MGDHLTNLHRLGGPEAGLGEYLFERLTLKHD,P02792,BELONGS_TO_PROTEIN,UniProt
KAQEANMGLLDEIL,F8WAH1,BELONGS_TO_PROTEIN,UniProt
GARPVSSAASVY,F8VZY9,BELONGS_TO_PROTEIN,UniProt
LLAEGHPDPDAELQRMEQEAER,P49756,BELONGS_TO_PROTEIN,UniProt
VWVQAFK,P11279,BELONGS_TO_PROTEIN,UniProt
SIYFPIHCPDYLR,B5MC28,BELONGS_TO_PROTEIN,UniProt
KEEKHPEIFVNFMEPCYGSCTER,P35658-2,BELONGS_TO_PROTEIN,UniProt
PAEVVLDEHGK,Q86VE9-3,BELONGS_TO_PROTEIN,UniProt
DLANQVTGWLDGSAIYGSSHSWSDALR,Q9NRD8,BELONGS_TO_PROTEIN,UniProt
GGKKKLPAENGSSSAETL,Q15746-5,BELONGS_TO_PROTEIN,UniProt
QAYETILKN,Q10567-2,BELONGS_TO_PROTEIN,UniProt
GLQYLLEKGDYKDSSDFGAPHPQVQSVR,P43320,BELONGS_TO_PROTEIN,UniProt
KALADYIRQQ,Q9BS26,BELONGS_TO_PROTEIN,UniProt
RSSSAEESGQDVLENTFSQK,Q14789-3,BELONGS_TO_PROTEIN,UniProt
QHTFPLESYKHEPER,Q9UGJ0,BELONGS_TO_PROTEIN,UniProt
GVGLLNTGSYYEHVK,Q8N884-2,BELONGS_TO_PROTEIN,UniProt
ILVKNLPQDSNCQEVHDLLK,Q9HCJ3,BELONGS_TO_PROTEIN,UniProt
AVNEVVAGIKEY,B3KTM8,BELONGS_TO_PROTEIN,UniProt
AYNMAALWKLPCIFICE,P08559-4,BELONGS_TO_PROTEIN,UniProt
IEVDLVTHSDPPRAHAHSLVGK,Q00653-4,BELONGS_TO_PROTEIN,UniProt
KEETKDWILPSDYDHAEAEARHLVYESDQN,O43852-3,BELONGS_TO_PROTEIN,UniProt
KYFVTFPYPYMNGRLHLGHTFSLS,A0A6I8PRU9,BELONGS_TO_PROTEIN,UniProt
YSMYLTPKGGVR,Q14134-2,BELONGS_TO_PROTEIN,UniProt
LSQDTDNQTK,Q9UK97,BELONGS_TO_PROTEIN,UniProt
KLLDFGSLSNLQVTQPTVGMNFKTPRGPV,P08708;H3BNC9,BELONGS_TO_PROTEIN,UniProt
IHIYQFPE,Q8WYJ6,BELONGS_TO_PROTEIN,UniProt
IWQYQQQEWK,Q6RI45-5,BELONGS_TO_PROTEIN,UniProt
PLPPSERLEQELFSGGNTGINFEK,A0A2R8YCW1,BELONGS_TO_PROTEIN,UniProt
VDNQFYSVEVGDSTFTVLKR,A0A286YFD9,BELONGS_TO_PROTEIN,UniProt
LKRCHWSDMFTGRLRTE,P46060,BELONGS_TO_PROTEIN,UniProt
LVRLILVKMAKE,P19367-4;E9PB90,BELONGS_TO_PROTEIN,UniProt
KLCHAAFLPSVR,Q9HCF6-8,BELONGS_TO_PROTEIN,UniProt
AVELSEEADVLSVSQFQLAPAILQGQTKEK,Q96JB5,BELONGS_TO_PROTEIN,UniProt
NSGLAGGLTEEDEGELCAAGFPLLAEDFGQALEQLQTAHSQAVGAPK,Q13608-2,BELONGS_TO_PROTEIN,UniProt
QTRSTQAPLPEISNAHSQQMDDLFDILIK,Q9ULH7,BELONGS_TO_PROTEIN,UniProt
LPQLTGPVL,P41229-2,BELONGS_TO_PROTEIN,UniProt
TAPAAPAEDAVAAAAAAPSEPSEPSRPSPQPKPRTP,Q53GA4,BELONGS_TO_PROTEIN,UniProt
VAAEDWKKGETFSCMVGHEALPLAFTQK,A0A286YEY5,BELONGS_TO_PROTEIN,UniProt
DEAYAEEFGNETWGVTKAAEKQMKDKQDEEQRLKEEEE,P27797,BELONGS_TO_PROTEIN,UniProt
KLEAEADK,H7BZX2,BELONGS_TO_PROTEIN,UniProt
VLDEQIQERENSK,Q86XR8-2,BELONGS_TO_PROTEIN,UniProt
REEIANACNAVIQKPGK,Q6NT76-5,BELONGS_TO_PROTEIN,UniProt
NFINSPVAQADWAAK,P35749,BELONGS_TO_PROTEIN,UniProt
GPEYWDRE,A0A0G2JKJ1,BELONGS_TO_PROTEIN,UniProt
TTNYSTVPQKQTLPVAPR,Q6PJT7-10,BELONGS_TO_PROTEIN,UniProt
HVKEVQDGIEL,O75534-2,BELONGS_TO_PROTEIN,UniProt
KVEAPQALRENILFGMGNPLLDISAVVD,P55263-3,BELONGS_TO_PROTEIN,UniProt
DQDGTFIEELIKNY,Q15910,BELONGS_TO_PROTEIN,UniProt
EAALEETHR,P11532-2,BELONGS_TO_PROTEIN,UniProt
ATSEQSICQAR,Q9UI08-2,BELONGS_TO_PROTEIN,UniProt
SYTGFVQGSETTLQSTYSDTSAQPTCDYGYGTWNSGTNR,V9GZ50,BELONGS_TO_PROTEIN,UniProt
SSILHLQEAVR,Q14667,BELONGS_TO_PROTEIN,UniProt
VELLSGEILPILQK,Q99424,BELONGS_TO_PROTEIN,UniProt
NLFNMIVEIPRWTNAKME,D6RGV9,BELONGS_TO_PROTEIN,UniProt
QRLLGWIQNKLPQLPITNFSR,F8WE98,BELONGS_TO_PROTEIN,UniProt
AQSLTTCEVCGACFETR,A0A669KBG4,BELONGS_TO_PROTEIN,UniProt
TVGLAVLQLR,F8W059,BELONGS_TO_PROTEIN,UniProt
TEGYDSLSSMHLEK,Q5TDG6,BELONGS_TO_PROTEIN,UniProt
DAEAAEATAEGALK,C9J0Q5,BELONGS_TO_PROTEIN,UniProt
AFTQLSNLQSHRRQHNK,Q8TF68,BELONGS_TO_PROTEIN,UniProt
VPELPVIR,B5MCU4,BELONGS_TO_PROTEIN,UniProt
LKGAILTTMLATR,E9PF82,BELONGS_TO_PROTEIN,UniProt
APPPPGSGPPVQDKASEK,O75128-4,BELONGS_TO_PROTEIN,UniProt
STELFSSTR,P30307-2,BELONGS_TO_PROTEIN,UniProt
FCQLLWR,P55884,BELONGS_TO_PROTEIN,UniProt
DLRDGHNLISLLE,Q15149-9;E7ERX3,BELONGS_TO_PROTEIN,UniProt
LIYVTPEKIAK,P46063,BELONGS_TO_PROTEIN,UniProt
KGNTALHIAALAGQDEVVRELVNYGANVNAQSQK,P16157-4,BELONGS_TO_PROTEIN,UniProt
KGESVKK,Q15366-8,BELONGS_TO_PROTEIN,UniProt
LWQYLVK,Q9Y485,BELONGS_TO_PROTEIN,UniProt
DHTVRFW,Q9BVC4-5,BELONGS_TO_PROTEIN,UniProt
GGDSTGGMPRSRAVASTVHNTHQPQAQQNEPSECRGSQF,O95428-6,BELONGS_TO_PROTEIN,UniProt
EGAVVSAPSVK,Q14160-3,BELONGS_TO_PROTEIN,UniProt
FQFLPHAYYQQEK,B9ZVN9,BELONGS_TO_PROTEIN,UniProt
FTITPPTAQVVGVLK,P52907,BELONGS_TO_PROTEIN,UniProt
DEVLKETVSQRPGATVPTDFATFPSSAFLR,Q14203,BELONGS_TO_PROTEIN,UniProt
SLNPPIFLKRSEE,Q8N5C7-3,BELONGS_TO_PROTEIN,UniProt
TEDKITDTKK,Q9H4A3-6,BELONGS_TO_PROTEIN,UniProt
TLVLLMGK,P07737,BELONGS_TO_PROTEIN,UniProt
GGFFLEIHKTDTSDSGLYTCTVK,Q8WZ42,BELONGS_TO_PROTEIN,UniProt
DFTNRINKLKNSLFEYQKNNK,P02671,BELONGS_TO_PROTEIN,UniProt
RGASGSIFSK,Q7KZI7,BELONGS_TO_PROTEIN,UniProt
MNSIVYQK,A0A2R8YET2,BELONGS_TO_PROTEIN,UniProt
AEEDKIPLLVVGNKSDLEER,P11234,BELONGS_TO_PROTEIN,UniProt
IWQNFDSAR,Q8N122,BELONGS_TO_PROTEIN,UniProt
ELMPLVVAVLENLDSVFAQDQEHQVELELLR,O60271-3,BELONGS_TO_PROTEIN,UniProt
DTANQEPTPKSPCGLTEQYLHK,E9PGC8,BELONGS_TO_PROTEIN,UniProt
IGEVALAVIFDVASIILGSK,H0Y4W2,BELONGS_TO_PROTEIN,UniProt
QLVESDINGLR,Q92764;Q15323,BELONGS_TO_PROTEIN,UniProt
IIEILESGHLRK,Q5JQP8,BELONGS_TO_PROTEIN,UniProt
TKAIPVSQQMEGPHLPNKKKHKKQAVKTEPE,E9PSG1,BELONGS_TO_PROTEIN,UniProt
IQKLKQQLMQME,Q8TD16-2,BELONGS_TO_PROTEIN,UniProt
RHSSVSDSQPCEPPSVGTEYSQGASPQPQHQLK,P39880,BELONGS_TO_PROTEIN,UniProt
SSYPIKSMMGAPIVY,A0A087WU25,BELONGS_TO_PROTEIN,UniProt
LQPNAVTWGIFPGRE,P42898-2,BELONGS_TO_PROTEIN,UniProt
KVVDNASQGEGVR,Q96Q15-2,BELONGS_TO_PROTEIN,UniProt
LQQFFIKIRDE,Q86U86,BELONGS_TO_PROTEIN,UniProt
NLQDAENFFQFQGDADDLK,P11277-2,BELONGS_TO_PROTEIN,UniProt
MEIVDHALHALTDEVIIPHSGWER,O60716-16,BELONGS_TO_PROTEIN,UniProt
KSTSFMSVSPSKEIK,Q8TB45,BELONGS_TO_PROTEIN,UniProt
TEAEDVLGELEYDK,I3L1Q4,BELONGS_TO_PROTEIN,UniProt
GSPCSEEAGTLRR,H3BT54,BELONGS_TO_PROTEIN,UniProt
LSLDGQNIYNACCTLRIDFSKLTSLNVK,P26599,BELONGS_TO_PROTEIN,UniProt
RISVDDALQHPYINVWYDPAEVEAPPPQIYDK,A0A286YFB6,BELONGS_TO_PROTEIN,UniProt
QADNPHVALYQAR,J3KTF1,BELONGS_TO_PROTEIN,UniProt
KREGSGRFSLPGATCLQGEGQGHLSQ,E9PIB2,BELONGS_TO_PROTEIN,UniProt
TPQIPEWLIILASLLALALILAVCIAVNSR,P16070-14,BELONGS_TO_PROTEIN,UniProt
RVEMEDAHTAVIGLPSGLESW,E9PJN3,BELONGS_TO_PROTEIN,UniProt
DFPFELIPEPPEGGLPGPWALHR,Q96KG9-5,BELONGS_TO_PROTEIN,UniProt
YSTCCSR,Q7Z3K3-7,BELONGS_TO_PROTEIN,UniProt
QIKTLIEKTNEER,P10909-6,BELONGS_TO_PROTEIN,UniProt
MIAPEGSLVFHEKAW,A0A0A0MSW4,BELONGS_TO_PROTEIN,UniProt
DLGVTRLLDPEDVDVPQPDEK,E9PMV1,BELONGS_TO_PROTEIN,UniProt
AAASIANIVKSSLGPVGLD,F5GYL4,BELONGS_TO_PROTEIN,UniProt
LLKQQKLNSHETTITQQSVSDSHLAE,Q5VU43-2,BELONGS_TO_PROTEIN,UniProt
RNSEAAMLQELNFGAYLGLPAFLLPLNQEDNTNLAR,G3V5L5,BELONGS_TO_PROTEIN,UniProt
AGGNPKQAAHTQEALE,Q9Y490,BELONGS_TO_PROTEIN,UniProt
LIQSAMLGGVTEVPVPTR,E7EQT3,BELONGS_TO_PROTEIN,UniProt
LELMDIIAENVLSEDRR,Q96AX1,BELONGS_TO_PROTEIN,UniProt
SEDALGLTITDNGAGYAFIK,K7EIT0,BELONGS_TO_PROTEIN,UniProt
NDTVTIRTRK,A0A2R8Y849,BELONGS_TO_PROTEIN,UniProt
NTFVGTPFWMAPEVIK,C9JCC0,BELONGS_TO_PROTEIN,UniProt
IVPTDMNDQNLEEPSR,Q9H6U8-4;A0A087WZ62,BELONGS_TO_PROTEIN,UniProt
SFNPAVKNSYYPR,Q9UHK0,BELONGS_TO_PROTEIN,UniProt
STAQKAIGKDNF,H0YBT4,BELONGS_TO_PROTEIN,UniProt
YALIQHQK,Q8NI51-6,BELONGS_TO_PROTEIN,UniProt
AESFFQTKALDVSASDDEIAR,H7C1U0,BELONGS_TO_PROTEIN,UniProt
MSDSLKEE,H7C128,BELONGS_TO_PROTEIN,UniProt
LMATDVDDRF,Q12797-11,BELONGS_TO_PROTEIN,UniProt
DEYNVESI,A0A2R8Y6J3,BELONGS_TO_PROTEIN,UniProt
QYLMNLEQAVVLEQNLQMLQTFISHR,E7EMW7,BELONGS_TO_PROTEIN,UniProt
KISRGTIEILSDVQLIKTGD,F8VU65,BELONGS_TO_PROTEIN,UniProt
VPEITRTVSGNTVEYALTDLEPATEYTLR,P24821-5,BELONGS_TO_PROTEIN,UniProt
TIAFLLPMFR,Q7L014,BELONGS_TO_PROTEIN,UniProt
QKSSEKELHRGF,P05154,BELONGS_TO_PROTEIN,UniProt
SLGPSLATDK,Q9H3N1,BELONGS_TO_PROTEIN,UniProt
GFQYFSTLEEAEK,Q86WA9,BELONGS_TO_PROTEIN,UniProt
NSRNSSSGVSPLYSPVSFCGIPVGVLQNK,S4R3Z0,BELONGS_TO_PROTEIN,UniProt
IGKPAPDFK,P32119-2,BELONGS_TO_PROTEIN,UniProt
FNMPVDLE,Q86XA6,BELONGS_TO_PROTEIN,UniProt
EVLDGPVVDPLKNLR,O15417-2,BELONGS_TO_PROTEIN,UniProt
HTEERGQPCSQNY,Q9H2U2-6,BELONGS_TO_PROTEIN,UniProt
RFIVSPVPESR,Q9H4A3,BELONGS_TO_PROTEIN,UniProt
KVYPQADAVIVHHR,P51993,BELONGS_TO_PROTEIN,UniProt
YEAVVKDIDLKLDLAVIK,P83105,BELONGS_TO_PROTEIN,UniProt
TIPDYTSFNTVDEWLEAIK,P29323-2,BELONGS_TO_PROTEIN,UniProt
PSDPVERNSHAPPAETIRWK,Q86V48,BELONGS_TO_PROTEIN,UniProt
STLISSDGVSK,Q6ZV73-2,BELONGS_TO_PROTEIN,UniProt
GLVGEIIK,P22392,BELONGS_TO_PROTEIN,UniProt
AAQQHPEEVRGLWQTCGE,G3V180,BELONGS_TO_PROTEIN,UniProt
DIVVPSLNVAK,O60645,BELONGS_TO_PROTEIN,UniProt
VEKKVLEDPAIASDESFGAVKKKF,A0A0A0MR98,BELONGS_TO_PROTEIN,UniProt
KSRPDEGVYVCVAR,Q9Y6N7-2,BELONGS_TO_PROTEIN,UniProt
PGVLGIVPLQGQGEDK,P57737-2,BELONGS_TO_PROTEIN,UniProt
EAAASEIEAVSVAMEKEFELLDK,R4GMW8,BELONGS_TO_PROTEIN,UniProt
ARQSEADNNTLKLELITAEAEGNRLK,B8ZZZ9,BELONGS_TO_PROTEIN,UniProt
ISDLGLAVHVPEGQTIKGR,P43250-3,BELONGS_TO_PROTEIN,UniProt
NLEVPVK,Q8IUC8-2,BELONGS_TO_PROTEIN,UniProt
TVNLSVTPSPAPR,Q8IZ21-2,BELONGS_TO_PROTEIN,UniProt
RFYLEYYNNNR,Q9P2T0-2,BELONGS_TO_PROTEIN,UniProt
SDELNHASIIDGIRL,O75600,BELONGS_TO_PROTEIN,UniProt
AGLMLQEADKLGCK,Q14651,BELONGS_TO_PROTEIN,UniProt
KEMTTCVFPRLLDT,A0A494C0Q2,BELONGS_TO_PROTEIN,UniProt
NSCYFGFITK,Q13387-3,BELONGS_TO_PROTEIN,UniProt
HNLSLHKCFVR,A0A3B3IUB6,BELONGS_TO_PROTEIN,UniProt
MEVEAAEAR,Q96K58,BELONGS_TO_PROTEIN,UniProt
SSSSRFTDSK,F5H6U2,BELONGS_TO_PROTEIN,UniProt
SKKGPDGLALPNNYCDFCLGDSK,J3KMZ8,BELONGS_TO_PROTEIN,UniProt
DGADEAESNDGK,Q6W2J9,BELONGS_TO_PROTEIN,UniProt
YQEGIFVR,Q8WZ42,BELONGS_TO_PROTEIN,UniProt
LVSAPLGK,P78415,BELONGS_TO_PROTEIN,UniProt
LAPTVMVWQIPLLNI,O15013,BELONGS_TO_PROTEIN,UniProt
VLFSSNGGVVKGFKFFQK,A0A0D9SF20,BELONGS_TO_PROTEIN,UniProt
LQADPQRFPHGIR,A0A669KB83,BELONGS_TO_PROTEIN,UniProt
QSEPNSMDKNAGQVVSPQSAPACVENKNDVSR,Q6U841-2,BELONGS_TO_PROTEIN,UniProt
LQQLGLLEEEQLR,Q9NNX6,BELONGS_TO_PROTEIN,UniProt
VEPLLLLK,Q9NQG7-4,BELONGS_TO_PROTEIN,UniProt
YLSSAGILLLSLLVFSQLLK,A0A2R8YHG6,BELONGS_TO_PROTEIN,UniProt
IMGEVMHALR,O75112-2,BELONGS_TO_PROTEIN,UniProt
DEAFERNLEGLQKEIDQMIK,A0A087WYF1,BELONGS_TO_PROTEIN,UniProt
RYFVDYRR,Q9H4K7,BELONGS_TO_PROTEIN,UniProt
HVDYVVDQVVGK,Q02880,BELONGS_TO_PROTEIN,UniProt
DTYHPLDDWIQQVETTQR,E9PHM6,BELONGS_TO_PROTEIN,UniProt
VDNQFYSVEVGDSTFTVLKR,A0A286YF85,BELONGS_TO_PROTEIN,UniProt
VLSTPSVQLVQSWYVQSLLDIMEFLDKDPEDHR,D6RJH7,BELONGS_TO_PROTEIN,UniProt
SSSSVHLMEPQTTVVHNATDGIK,Q13555-5,BELONGS_TO_PROTEIN,UniProt
VRQSADFMPLK,Q8NI60-4,BELONGS_TO_PROTEIN,UniProt
QYSDLEKE,Q14DU5,BELONGS_TO_PROTEIN,UniProt
RFTPEEEMFK,A0A5F9ZHF7,BELONGS_TO_PROTEIN,UniProt
DGSAVEIVGLSK,P35573,BELONGS_TO_PROTEIN,UniProt
HETASQGDTHTLTVHGAQVLDSAIYSCR,Q5VST9-2,BELONGS_TO_PROTEIN,UniProt
APKSLIYAASSLQSGVPSR,P01601,BELONGS_TO_PROTEIN,UniProt
QQEELLAEENQRLR,Q15149-8,BELONGS_TO_PROTEIN,UniProt
SKIADGSVK,P42330,BELONGS_TO_PROTEIN,UniProt
KPADDQDPIDALSGDLDSCPSTTETSQNTAK,E7EQA0,BELONGS_TO_PROTEIN,UniProt
KGDTRVFLYELLPESPFFLECNSFTSPDPHKGLVLLP,A0A0A6YYL4;I3L351,BELONGS_TO_PROTEIN,UniProt
YSISLSPPEQQK,A0A0U1RQT1,BELONGS_TO_PROTEIN,UniProt
AEDTEAKNPF,Q16665,BELONGS_TO_PROTEIN,UniProt
MYGCDVGPD,A0A140T9U0,BELONGS_TO_PROTEIN,UniProt
ESCGSSVLTDFEGK,O15231-6,BELONGS_TO_PROTEIN,UniProt
DKDGKPLLPK,A0A0C4DGB5,BELONGS_TO_PROTEIN,UniProt
DSYKESTDDFGSWSVHTDKESSEDISETNDK,O95197,BELONGS_TO_PROTEIN,UniProt
LQTVLEKINETLKLPPR,E9PS97,BELONGS_TO_PROTEIN,UniProt
LLGWSLPAR,E9PQP1,BELONGS_TO_PROTEIN,UniProt
MHSSSYSYR,Q03001-3,BELONGS_TO_PROTEIN,UniProt
RILDPKTAQNL,K4DI95,BELONGS_TO_PROTEIN,UniProt
FGSQGEAQAAIR,Q96J87-3,BELONGS_TO_PROTEIN,UniProt
VLLMKDRE,P38159-3,BELONGS_TO_PROTEIN,UniProt
LKDTENAIENMVGPDWKK,O60313,BELONGS_TO_PROTEIN,UniProt
SAEPRVASNVCW,Q14974-2,BELONGS_TO_PROTEIN,UniProt
TAHNDTEPIEEEQEAFFEPPPGQGEDVLK,E7EN86,BELONGS_TO_PROTEIN,UniProt
AAHACATVGNR,G3V2H2,BELONGS_TO_PROTEIN,UniProt
IDQEIHKYNTPGFTGCLSR,A0A0J9YWG3,BELONGS_TO_PROTEIN,UniProt
LSTPGGKLPRLD,Q8IUF8-3,BELONGS_TO_PROTEIN,UniProt
LPQSTDPLRTFK,E9PFW2,BELONGS_TO_PROTEIN,UniProt
SAGRAPYQENDGYCPDLELSDSEAESDGNK,Q92613,BELONGS_TO_PROTEIN,UniProt
KEELKQIQEERDERHKTKGRL,O15042-2,BELONGS_TO_PROTEIN,UniProt
HGPLGDNEER,F2Z2H0,BELONGS_TO_PROTEIN,UniProt
VHGLPTTSPSGMNMAELAQQVVK,B0QYS7,BELONGS_TO_PROTEIN,UniProt
ADDGRPFPQVIKSKGGVVGIK,H3BU78,BELONGS_TO_PROTEIN,UniProt
DHVEKDDIIKSNPDLQK,O60662,BELONGS_TO_PROTEIN,UniProt
VNYVVQEAIVVIR,P63010-3,BELONGS_TO_PROTEIN,UniProt
KEGNGTVMGAEIRHVLVTLGE,F8VZU9,BELONGS_TO_PROTEIN,UniProt
QQSVFTAPTGISQPVGKVFVE,A0A087WWU1,BELONGS_TO_PROTEIN,UniProt
SNVNNNPGSITPTVELNGLAMK,E5RGT3,BELONGS_TO_PROTEIN,UniProt
SGSSGTPYLGSK,Q9BX40-2,BELONGS_TO_PROTEIN,UniProt
VIVWDSFTTNK,Q96F32,BELONGS_TO_PROTEIN,UniProt
PSNIVVK,A0A286YFM6,BELONGS_TO_PROTEIN,UniProt
THRIENSLTYSK,V9GY58,BELONGS_TO_PROTEIN,UniProt
DSVTLSWEPPLIDGGAK,Q8WZ42-5,BELONGS_TO_PROTEIN,UniProt
GLELSPPHASEASQMS,Q6U7Q0,BELONGS_TO_PROTEIN,UniProt
HLGRPSESSARGPPSTPVPTQTQNPESR,O75128-6,BELONGS_TO_PROTEIN,UniProt
GTFPVLVR,A6NK88,BELONGS_TO_PROTEIN,UniProt
LNYEHDNISLKR,A0A0J9YWK2,BELONGS_TO_PROTEIN,UniProt
PFLRPELGPR,O95155,BELONGS_TO_PROTEIN,UniProt
NYFAITSGICTGPK,C9JP37,BELONGS_TO_PROTEIN,UniProt
QNTEAGSPTIMLL,A0A0C4DGA6,BELONGS_TO_PROTEIN,UniProt
RPTPQDSPIFLPVDDTSFRWVESLK,A0A0U1RQF0,BELONGS_TO_PROTEIN,UniProt
TFTAWCNSHLRK,A0A087WSZ2,BELONGS_TO_PROTEIN,UniProt
DLQLSGSAHCTFSTAQKAIGKDNFTAIPEGTNGVEERMSVIW,H0YBT4,BELONGS_TO_PROTEIN,UniProt
KPSNLAVNEDCEL,E7EX54,BELONGS_TO_PROTEIN,UniProt
LSLQQPR,Q92766-3,BELONGS_TO_PROTEIN,UniProt
STIDESDIGIWGQLQTDGAK,Q8IUA7,BELONGS_TO_PROTEIN,UniProt
DAVKARLAALADQWQFLVQKSAE,Q13813,BELONGS_TO_PROTEIN,UniProt
MNTVIAALSRDTINR,P08185,BELONGS_TO_PROTEIN,UniProt
FSDEGGFTCFFR,A0A0G2JKI0,BELONGS_TO_PROTEIN,UniProt
QPLGKPDQER,Q9UPA5,BELONGS_TO_PROTEIN,UniProt
YRSEENAK,Q9Y3P9,BELONGS_TO_PROTEIN,UniProt
EEDKVGGTPSREQDAAQTDGLR,Q9UMS6,BELONGS_TO_PROTEIN,UniProt
DLERETFKYPNF,Q69YN4-3,BELONGS_TO_PROTEIN,UniProt
EAEMLFTGGYGLEKDPQR,O00418,BELONGS_TO_PROTEIN,UniProt
DGKWLNVHYHCSGAPAAPLQ,Q13555-9,BELONGS_TO_PROTEIN,UniProt
DDALGKGQEEGGGW,A0A3B3ITI7,BELONGS_TO_PROTEIN,UniProt
KLTELYNAYVETQDQLLLE,P12270,BELONGS_TO_PROTEIN,UniProt
TPQLYVAHEIGTIK,Q9HCH5-12,BELONGS_TO_PROTEIN,UniProt
DGIALWYTR,D6RDX1,BELONGS_TO_PROTEIN,UniProt
GSPIKVTLATLKMSVQPTVSLGGFE,E5RI98,BELONGS_TO_PROTEIN,UniProt
RRSISGTSTSEKPNSMDTANTSPFK,Q9UJF2-2,BELONGS_TO_PROTEIN,UniProt
MEQIKENR,E5RGX5,BELONGS_TO_PROTEIN,UniProt
QYMHGIVR,Q8TEU7-3,BELONGS_TO_PROTEIN,UniProt
LKLTLSKAGQE,Q16222-2,BELONGS_TO_PROTEIN,UniProt
GLFIQPEDAEEVVEVTTER,Q01538-2,BELONGS_TO_PROTEIN,UniProt
DNTQRFLQEEAEK,Q15149-8,BELONGS_TO_PROTEIN,UniProt
EGQPVCSQRGECLCGQCVCHSSDFGK,P05106,BELONGS_TO_PROTEIN,UniProt
QNEASSHIQDDMHLVIRK,Q9BXW9-3,BELONGS_TO_PROTEIN,UniProt
VGEGDKEDATR,Q8WXX5,BELONGS_TO_PROTEIN,UniProt
AAVSDQER,A0A590UJF6,BELONGS_TO_PROTEIN,UniProt
VSSSSFR,K7EQ60,BELONGS_TO_PROTEIN,UniProt
YYQICESVLK,A0A3B3ISE4,BELONGS_TO_PROTEIN,UniProt
YRVVNLYEDDHK,Q13219,BELONGS_TO_PROTEIN,UniProt
RTGLGLASLPGPVK,Q8IWZ8,BELONGS_TO_PROTEIN,UniProt
GVSNDTSSLETERGFEELPLCSCR,A2ABF8,BELONGS_TO_PROTEIN,UniProt
QGVPKDY,G3V4E4,BELONGS_TO_PROTEIN,UniProt
KTEEVTALRR,A0A1B0GV47,BELONGS_TO_PROTEIN,UniProt
QGRVPYPRPGMCPSKTF,Q13214-2,BELONGS_TO_PROTEIN,UniProt
QGSGTTASRFK,D6RGG3,BELONGS_TO_PROTEIN,UniProt
RSTILGPPGSVY,Q96LR5;B7Z306,BELONGS_TO_PROTEIN,UniProt
RLLGQRPGPYDRPIGGR,P31942-3,BELONGS_TO_PROTEIN,UniProt
DLPSDPERLLPEEDLDVK,O60566,BELONGS_TO_PROTEIN,UniProt
MDELQDVQLTEIK,Q9UGV2,BELONGS_TO_PROTEIN,UniProt
KLLPLEEHYRFHEFHSPALEDADFDNKPMVLLVGQYSTG,Q9H4M9,BELONGS_TO_PROTEIN,UniProt
HPGLAVELELEPALPAESVTR,J3QRK9;Q96CD0,BELONGS_TO_PROTEIN,UniProt
SHSFYSVNMK,A2A3F4,BELONGS_TO_PROTEIN,UniProt
QELLQHSLPLGSYLLK,A1L390-3,BELONGS_TO_PROTEIN,UniProt
TIKPDVRSYTITGLQPGTDYKIYLYTLNDNAR,H0Y7Z1,BELONGS_TO_PROTEIN,UniProt
LQQHTHEK,Q9H5V8-2,BELONGS_TO_PROTEIN,UniProt
EMSEFIR,J3KS47,BELONGS_TO_PROTEIN,UniProt
AAWSQLYGAVVQAMSR,Q9NPG2,BELONGS_TO_PROTEIN,UniProt
ELELSVKK,E5RIY4,BELONGS_TO_PROTEIN,UniProt
GEGLEYENIK,A4UGR9-2,BELONGS_TO_PROTEIN,UniProt
ESEIIDFFLGASLKDEVLK,P15880,BELONGS_TO_PROTEIN,UniProt
KEVYPHVSTIINICL,Q86VP6-2,BELONGS_TO_PROTEIN,UniProt
AFSQSVHLTLHQR,Q9Y2P0,BELONGS_TO_PROTEIN,UniProt
ALPQSVDPLDIETVEAINWGLDSYSHKEDASAFPGK,Q5W0V3,BELONGS_TO_PROTEIN,UniProt
KSLSQPTPPPMPILSQSEAK,Q9UPN3-3,BELONGS_TO_PROTEIN,UniProt
DYWQGNGYWDPR,H7BXT4,BELONGS_TO_PROTEIN,UniProt
GDRIISVNSVDLRAASHEQAAAALK,Q12959-2,BELONGS_TO_PROTEIN,UniProt
QDGQIDADELQR,E9PG82,BELONGS_TO_PROTEIN,UniProt
LIDLSEK,Q8WZ42-4,BELONGS_TO_PROTEIN,UniProt
KGEQQNR,P15735,BELONGS_TO_PROTEIN,UniProt
AQIQTVIDANIFPALISILQTAEFR,P52294,BELONGS_TO_PROTEIN,UniProt
DLSRELSEALGQIF,Q08380,BELONGS_TO_PROTEIN,UniProt
FLGVIVKSERPCDEDKTDSETGK,Q8ND82,BELONGS_TO_PROTEIN,UniProt
DLIAEILHFCTNDQLLPK,F5H7Y7,BELONGS_TO_PROTEIN,UniProt
ELLNLTQQDYVNRIEELNQSLK,C9J7I2,BELONGS_TO_PROTEIN,UniProt
SEEEEEEEEEEEEEQPR,Q5TAQ8,BELONGS_TO_PROTEIN,UniProt
TNTILHHLR,B8ZZZ0,BELONGS_TO_PROTEIN,UniProt
ELDATNISIDKVVGAGEFGEVCSGR,C9JXA2,BELONGS_TO_PROTEIN,UniProt
LGKSVVYQE,Q14558,BELONGS_TO_PROTEIN,UniProt
EWNPSLFK,P33527-4,BELONGS_TO_PROTEIN,UniProt
KDTKEIYTHFTCATDT,P04899-6;P63096,BELONGS_TO_PROTEIN,UniProt
DLPLVSIK,A0A2R8Y7M8,BELONGS_TO_PROTEIN,UniProt
CIHDHHCGSQASSVKQSR,Q8NC67-2,BELONGS_TO_PROTEIN,UniProt
AQFEQLKDGKTTVK,Q15149-2,BELONGS_TO_PROTEIN,UniProt
LYIIMRGEEGLDYGGIAR,O00308,BELONGS_TO_PROTEIN,UniProt
HGIQPDGQMPSDKTIGGGD,P68363,BELONGS_TO_PROTEIN,UniProt
GNPKVKAHGK,P69891,BELONGS_TO_PROTEIN,UniProt
SPTQHLEREQALAKQF,E5RI16,BELONGS_TO_PROTEIN,UniProt
LYGNTPMR,K7EQ86,BELONGS_TO_PROTEIN,UniProt
DILCEFLSNIFQALTK,J3KND1,BELONGS_TO_PROTEIN,UniProt
LNVPETMTEVLDVSDEEGDDTMTGDGGEYLRPEDLK,A0A5F9ZI41,BELONGS_TO_PROTEIN,UniProt
LEQELVQK,F6XZD3,BELONGS_TO_PROTEIN,UniProt
CLAAEDVVFIGPDTHAIQAMGDKIESK,P05165-2,BELONGS_TO_PROTEIN,UniProt
TVLHVLGDR,O95866-3,BELONGS_TO_PROTEIN,UniProt
LSQDLDDLAILYLATVQAIALGTR,Q96C11,BELONGS_TO_PROTEIN,UniProt
YPKLRVDIRPQLL,Q5SWC8,BELONGS_TO_PROTEIN,UniProt
EYNALHQR,O60271-3,BELONGS_TO_PROTEIN,UniProt
LHQVEMEDAGMYWCR,Q93033,BELONGS_TO_PROTEIN,UniProt
SWKEGPYTVDAIQKKITE,P11532-16,BELONGS_TO_PROTEIN,UniProt
KNPGGWWEGELQARGK,Q15811-7,BELONGS_TO_PROTEIN,UniProt
SPTKAPHLQLIEGK,E9PHY5,BELONGS_TO_PROTEIN,UniProt
DATAEEEGEMYEDDEEESEAQGPK,Q13509-2;A0A0B4J269,BELONGS_TO_PROTEIN,UniProt
KKEDYVPALK,Q6PGP7,BELONGS_TO_PROTEIN,UniProt
SVVCEAVIPAK,P04035,BELONGS_TO_PROTEIN,UniProt
SSGTQNANYPVRAAPPPPGYHQNGVIRNQY,Q12965,BELONGS_TO_PROTEIN,UniProt
NASASFQELEDKK,F2Z3N9,BELONGS_TO_PROTEIN,UniProt
KGLSEDTRSTSSHGTDEMESSSY,Q8IWS0-3,BELONGS_TO_PROTEIN,UniProt
QIENLQETETQLR,A0A087WZC3,BELONGS_TO_PROTEIN,UniProt
VNEKMKTATDEAYKDPSNLQGKVQKHQAF,A0A0D9SGF6,BELONGS_TO_PROTEIN,UniProt
AFAGASAGSLVASVLLTAPEK,P41247,BELONGS_TO_PROTEIN,UniProt
QIINLLEDLKK,E9PNP0,BELONGS_TO_PROTEIN,UniProt
LTEDEEGNAKLQQR,O00330-2,BELONGS_TO_PROTEIN,UniProt
RGHDEELISHY,Q96B65,BELONGS_TO_PROTEIN,UniProt
IAETDFEKR,Q99615,BELONGS_TO_PROTEIN,UniProt
QSSSPEFRVQSFSER,Q9NS56-2,BELONGS_TO_PROTEIN,UniProt
GIKLVVADTR,P22314-2,BELONGS_TO_PROTEIN,UniProt
SEEEQSSSSVKK,P07910-2,BELONGS_TO_PROTEIN,UniProt
AQLLCTQPGQLPFNVIR,Q5TCJ7,BELONGS_TO_PROTEIN,UniProt
AAALEQFKSLGAEPLEVDLK,Q13423,BELONGS_TO_PROTEIN,UniProt
TTAINTENIRLVF,Q14344,BELONGS_TO_PROTEIN,UniProt
DNLKGLEELER,Q96P63-2,BELONGS_TO_PROTEIN,UniProt
SSPVLQHK,Q3V6T2-3,BELONGS_TO_PROTEIN,UniProt
QLQKVHFITDTLSKGE,H0YBX1,BELONGS_TO_PROTEIN,UniProt
TLEAVLNFK,Q96Q05,BELONGS_TO_PROTEIN,UniProt
VAAENAIGQSDYTEIEDSVLAKDTFTTPGPPYALAVVDVTKR,Q8WZ42,BELONGS_TO_PROTEIN,UniProt
KPGKTPIQVLHEYGM,F8WEG8,BELONGS_TO_PROTEIN,UniProt
FPQQWYLSGVTQR,H0YLH7,BELONGS_TO_PROTEIN,UniProt
ENLSPGFSHLLSK,H0YG46,BELONGS_TO_PROTEIN,UniProt
TCVASTELDQDLAKAY,O94856-8,BELONGS_TO_PROTEIN,UniProt
EAVYTMGLNGGQLGCLLDPNGEK,E9PDR5,BELONGS_TO_PROTEIN,UniProt
GILLNWTK,P35557-3,BELONGS_TO_PROTEIN,UniProt
PKILNVGDIGGNETVTLR,P22735,BELONGS_TO_PROTEIN,UniProt
LVPPPSAMAR,Q5TGY3,BELONGS_TO_PROTEIN,UniProt
MAEILSGTESVPLTQVAKEALR,Q8WZ42-9,BELONGS_TO_PROTEIN,UniProt
PFLEQCVYDLCVVGGER,Q9Y6R7,BELONGS_TO_PROTEIN,UniProt
YFHQAAK,Q9H582,BELONGS_TO_PROTEIN,UniProt
RSIFPQQSLR,O94915,BELONGS_TO_PROTEIN,UniProt
DIHFHSPAFQHPPTEFIREG,P10909-5,BELONGS_TO_PROTEIN,UniProt
RDSWLDKQAEISASAPTSLR,P04278-2,BELONGS_TO_PROTEIN,UniProt
VMPSDLNLMADNSQPENEK,E9PPI7,BELONGS_TO_PROTEIN,UniProt
KYVVGELIWNFADFMTEQSPTR,P08236,BELONGS_TO_PROTEIN,UniProt
CSNPNHRTPTLTSIY,P29590-2,BELONGS_TO_PROTEIN,UniProt
AWSTGDCDNGGDEWEQEIRLTEQAVQAINK,Q9BRF8,BELONGS_TO_PROTEIN,UniProt
TMGDAPDYDRSQW,Q03013,BELONGS_TO_PROTEIN,UniProt
EDDSEGEESEEEEEGEEEGSESESR,A0A2R8Y440,BELONGS_TO_PROTEIN,UniProt
ISKKPQVPK,H0Y6G3,BELONGS_TO_PROTEIN,UniProt
RHQNVSILYADIVGFTQLASDCSPK,F5H699,BELONGS_TO_PROTEIN,UniProt
TCRQVYEFRVK,Q15910,BELONGS_TO_PROTEIN,UniProt
IHNLTAYLQTLHR,Q9H270,BELONGS_TO_PROTEIN,UniProt
AALPFGLVRR,A0A6I8PLG0,BELONGS_TO_PROTEIN,UniProt
KDSERPSGIPERF,P01718;A0A075B6K0;P01717,BELONGS_TO_PROTEIN,UniProt
ILRAGGKILTFDQLALDSPK,J3QQ67,BELONGS_TO_PROTEIN,UniProt
DGWSLANHEYFALQHA,C9JIW2,BELONGS_TO_PROTEIN,UniProt
QLASFLHGNASLLFRR,P56945,BELONGS_TO_PROTEIN,UniProt
TPDGPVPGPGPQGAAPEPLGASVQR,Q76NI1-2,BELONGS_TO_PROTEIN,UniProt
FPPMDNDSTFLHSTPERPGILSPATSEAVCQEK,E7EQA9,BELONGS_TO_PROTEIN,UniProt
GEDKMDGAPSR,Q9UKA9,BELONGS_TO_PROTEIN,UniProt
METTHSFGNPSISVSTQQPPKKFAPVVAPKPK,Q93052,BELONGS_TO_PROTEIN,UniProt
QMAEIAVNAVLTVADMERR,P48643,BELONGS_TO_PROTEIN,UniProt
GGGIIAVSYEAR,Q9Y253-2,BELONGS_TO_PROTEIN,UniProt
WAEGGGHSR,A0A0A0MT66,BELONGS_TO_PROTEIN,UniProt
VAHAKEENLSMHQMLDQTLLELNNM,P09493-7,BELONGS_TO_PROTEIN,UniProt
ARPQYYKLIEE,O60610,BELONGS_TO_PROTEIN,UniProt
KTFDSLIQDALDGLMLEGENIVSAAR,A0A0A0MRE1,BELONGS_TO_PROTEIN,UniProt
KQVTNGQGENKMKNLPVPVY,O60271,BELONGS_TO_PROTEIN,UniProt
NIQNMILK,J3KTG5,BELONGS_TO_PROTEIN,UniProt
LQSNEVTLTLTVPEYSNK,Q14934-15,BELONGS_TO_PROTEIN,UniProt
EGIYDAHIR,P51795,BELONGS_TO_PROTEIN,UniProt
DEMEENLTQVGSILGNLK,H3BV99,BELONGS_TO_PROTEIN,UniProt
ALLFYTNALAENDAR,Q96MK2,BELONGS_TO_PROTEIN,UniProt
VIEINPYLLGTMAGGAADCSFWER,H0YJM8,BELONGS_TO_PROTEIN,UniProt
TLPYFIRNK,Q96QU8,BELONGS_TO_PROTEIN,UniProt
MDTSPSRKYPVK,Q8TBE7,BELONGS_TO_PROTEIN,UniProt
AFLKKAVVQSPQVTEVL,Q3KQU3-3,BELONGS_TO_PROTEIN,UniProt
LLPGFTTLGFKDERR,Q9H8M2-6,BELONGS_TO_PROTEIN,UniProt
NLTLWTADNAGEE,P31947-2,BELONGS_TO_PROTEIN,UniProt
SNNQYYHGK,Q8NDF8-5,BELONGS_TO_PROTEIN,UniProt
VLEEVDWLITK,H3BP78,BELONGS_TO_PROTEIN,UniProt
VLAALQERLDNVPHTPSSYIETLPK,A8MXH2,BELONGS_TO_PROTEIN,UniProt
KIHSQEQGR,Q8WZ42-12,BELONGS_TO_PROTEIN,UniProt
SSEEIESAFRALSSEGK,Q13813-2,BELONGS_TO_PROTEIN,UniProt
TNVSYSAAHEDDVPVPGMAISFEAK,A0A2R8Y555,BELONGS_TO_PROTEIN,UniProt
ANMQHRYVELFLNSTAGASGGAYEHR,H0YB39,BELONGS_TO_PROTEIN,UniProt
EKRIEGSGDQIDTY,Q05193,BELONGS_TO_PROTEIN,UniProt
YAAKIINTKKLSARD,A0A5F9ZHM9,BELONGS_TO_PROTEIN,UniProt
KVPEFQFLIGDEAATHL,H3BP57,BELONGS_TO_PROTEIN,UniProt
GLRITPFSYYTGIMEDIMNSEK,G3V120,BELONGS_TO_PROTEIN,UniProt
APSRPYQDTRGSYGSDAEEEEYR,Q9UDY2-7;A0A2R8YDH4,BELONGS_TO_PROTEIN,UniProt
GKVLIDIREYWMDPEGEMKPGR,P53999,BELONGS_TO_PROTEIN,UniProt
GRPVPNVLWSKPDTDLRTR,Q8WZ42-10,BELONGS_TO_PROTEIN,UniProt
IPSLFEIVVR,Q9UPT8,BELONGS_TO_PROTEIN,UniProt
TAGCVTGGEEIYLLCDKVQKDDIQIR,P19838-3,BELONGS_TO_PROTEIN,UniProt
SVITYVSSIYDAFPK,Q9UPN3-2,BELONGS_TO_PROTEIN,UniProt
IVVEKPGR,Q8WZ42-11,BELONGS_TO_PROTEIN,UniProt
WLIGGGR,D6R9M1,BELONGS_TO_PROTEIN,UniProt
IISGIHMQTSESTK,P16284,BELONGS_TO_PROTEIN,UniProt
LRFTYRSDSFENPVLQQHFR,P12956,BELONGS_TO_PROTEIN,UniProt
PKPINVRVTTMDAELEFAIQPNTTGKQLF,P35241-3,BELONGS_TO_PROTEIN,UniProt
NQGNAQAPCWGRSSSSTGSE,Q9UPQ9-1,BELONGS_TO_PROTEIN,UniProt
REGFPLYEDDEGR,Q8TEW8-3,BELONGS_TO_PROTEIN,UniProt
DSFIVQYKDKDGQPQVVPVAA,A0A140T923,BELONGS_TO_PROTEIN,UniProt
TQIAPGSQTVLGIGPGPADLIDKVTGHLKLY,J3KQ48,BELONGS_TO_PROTEIN,UniProt
KFACPECPKR,P08047-3,BELONGS_TO_PROTEIN,UniProt
KVTGVVSDSQGK,A0A0A0MSB4,BELONGS_TO_PROTEIN,UniProt
RLGIGQSQEMNTLFR,Q659C4-5,BELONGS_TO_PROTEIN,UniProt
GFFATESSFDPHHR,Q9Y566-3,BELONGS_TO_PROTEIN,UniProt
DTSPRHLSNVSSTGSIDMV,A0A0G2JMX7,BELONGS_TO_PROTEIN,UniProt
KQQDGGTTGTTK,F5H8F7,BELONGS_TO_PROTEIN,UniProt
SMGAPFIFIK,Q9Y2B1,BELONGS_TO_PROTEIN,UniProt
GKDLMEKVKSPELQAEAKSY,P02652,BELONGS_TO_PROTEIN,UniProt
REVAVLANMK,Q96PY6,BELONGS_TO_PROTEIN,UniProt
KQMVIDVLHPGKATVPK,P62847,BELONGS_TO_PROTEIN,UniProt
KFKPDVPLHHHAR,Q96RL7-4,BELONGS_TO_PROTEIN,UniProt
MVIENDLSGLIDFTRLPSPTPENK,Q5VWQ8-2,BELONGS_TO_PROTEIN,UniProt
SIASAIVNELK,A0A3B3IUB9,BELONGS_TO_PROTEIN,UniProt
QQLQLMAQDAFR,Q9UER7-4,BELONGS_TO_PROTEIN,UniProt
ADRDESSPYAAMLAAQDVAQR,E5RH77,BELONGS_TO_PROTEIN,UniProt
FSITYKPVKHGRPGIGATHSSRFIPLK,K7EM56,BELONGS_TO_PROTEIN,UniProt
VGTVLQLMHTLK,Q8NFP9,BELONGS_TO_PROTEIN,UniProt
ASAVLAKAKAKAE,Q9UJZ1-2,BELONGS_TO_PROTEIN,UniProt
RATSECHPEELKETVEK,Q9HCH5-11,BELONGS_TO_PROTEIN,UniProt
YVSEVVIGAPYAVTAELLSHFK,Q99447,BELONGS_TO_PROTEIN,UniProt
NIIGLLNVFTPQK,A0A3B3IRW7,BELONGS_TO_PROTEIN,UniProt
IKPVEYRLQYK,Q96L93,BELONGS_TO_PROTEIN,UniProt
YAARRDNFPGLALRDE,Q6JEL2,BELONGS_TO_PROTEIN,UniProt
GHLATMLNSWPEDNIK,Q6TCH8,BELONGS_TO_PROTEIN,UniProt
QSSSYDDPWKITDEQR,Q96D71-4,BELONGS_TO_PROTEIN,UniProt
IWTELHILSQFMDTLR,A0A3B3IRV8,BELONGS_TO_PROTEIN,UniProt
WIPEAQILGGGQVATLSK,Q9C0I1-3,BELONGS_TO_PROTEIN,UniProt
NLINQMLTINPAK,Q13555-2,BELONGS_TO_PROTEIN,UniProt
STGFILDGFPR,Q5TCS8-6,BELONGS_TO_PROTEIN,UniProt
ISEEITKK,A0A0C4DG59,BELONGS_TO_PROTEIN,UniProt
RSPCNLAIPSEVDVEK,Q8NEM7-3,BELONGS_TO_PROTEIN,UniProt
DLCHYHSQES,P43405-2,BELONGS_TO_PROTEIN,UniProt
NVKHFVLDECDK,K7EPJ3,BELONGS_TO_PROTEIN,UniProt
REEENGTNTADHVR,Q6GYQ0,BELONGS_TO_PROTEIN,UniProt
FLTMLTAIATQGAISR,O60462-5,BELONGS_TO_PROTEIN,UniProt
DLPNRTDDTSDPEK,A0A590UJF6,BELONGS_TO_PROTEIN,UniProt
KQSLSDVNRSSGGLQSK,A0A0C4DH56,BELONGS_TO_PROTEIN,UniProt
HPEEGVVAELQGFAVDK,Q96DZ9-6,BELONGS_TO_PROTEIN,UniProt
DYHKSLE,P08133-2,BELONGS_TO_PROTEIN,UniProt
RRSLGNIK,Q04637,BELONGS_TO_PROTEIN,UniProt
DCIRAIAANEADAVTLDAGLVY,F8WCI6,BELONGS_TO_PROTEIN,UniProt
LQQLFIQLILK,A0A3B3IU30,BELONGS_TO_PROTEIN,UniProt
ESESASELHK,A0A494C1P7,BELONGS_TO_PROTEIN,UniProt
TRSRLEVAEAEEEETSIK,A0A0G2JJL1,BELONGS_TO_PROTEIN,UniProt
MIQMAGEIADGMAYLNANK,C9J5X1,BELONGS_TO_PROTEIN,UniProt
AVGGPAK,Q14676-3,BELONGS_TO_PROTEIN,UniProt
GKDHPAVAATL,Q07866-8,BELONGS_TO_PROTEIN,UniProt
GALHPQVIMFPCPACQGDVELGER,Q5VT61,BELONGS_TO_PROTEIN,UniProt
LGAAVAPEGNQK,Q9NW81-2,BELONGS_TO_PROTEIN,UniProt
YDICFRTL,Q9BUF5;Q9H4B7;Q9BVA1;G3V2A3,BELONGS_TO_PROTEIN,UniProt
GSLKEELLK,Q9UH65,BELONGS_TO_PROTEIN,UniProt
AEIWLIR,P0DTE4-4,BELONGS_TO_PROTEIN,UniProt
VTFECEQKEENQGK,P38398,BELONGS_TO_PROTEIN,UniProt
DLEITLEGGKTSTILG,H0YJ34,BELONGS_TO_PROTEIN,UniProt
TAAFLLPILSQIYSDGPGEALRAMK,O00571,BELONGS_TO_PROTEIN,UniProt
DMHRMAAAFNTTVAALE,Q13098-5,BELONGS_TO_PROTEIN,UniProt
VILLDGSEYTCDVEKR,A0A0A0MRA8,BELONGS_TO_PROTEIN,UniProt
AMDHIEELVSLKPCK,Q8N3P4,BELONGS_TO_PROTEIN,UniProt
HGPLVAEAK,A0A140TA52,BELONGS_TO_PROTEIN,UniProt
SDDLGGLWR,A0A1W2PNR8,BELONGS_TO_PROTEIN,UniProt
SKPTILVKNKKLEKE,Q9Y3B9,BELONGS_TO_PROTEIN,UniProt
MHSGHPSEKEIKAQQDKL,Q01082-3,BELONGS_TO_PROTEIN,UniProt
FTQHQNTVK,Q13439-5,BELONGS_TO_PROTEIN,UniProt
GNLIQHQQGHTGER,Q8TAU3-2;Q96SQ5,BELONGS_TO_PROTEIN,UniProt
TGPTVTQVK,Q13428-2,BELONGS_TO_PROTEIN,UniProt
GLEGLQVAWLVVEKNER,Q9NYL2-2,BELONGS_TO_PROTEIN,UniProt
KLATPELLETAQALERTLR,Q8N6R0-1,BELONGS_TO_PROTEIN,UniProt
RKDPLTHTSNSLPR,A0A2R8YFW8,BELONGS_TO_PROTEIN,UniProt
PYQYPAL,H3BR04,BELONGS_TO_PROTEIN,UniProt
HDWNDKEIEVL,C9JCJ9,BELONGS_TO_PROTEIN,UniProt
DLSAYVVNNADDMDR,E9PES4,BELONGS_TO_PROTEIN,UniProt
EESAEQPEFYYDEFGFRVYKEEGDEPGSSLLANSPLMEDAPQR,Q96HU1,BELONGS_TO_PROTEIN,UniProt
VTGLTEGLEYEFR,Q8WZ42-4,BELONGS_TO_PROTEIN,UniProt
KIESHETANLQDDRNSQSSSVSYLES,Q92576-2,BELONGS_TO_PROTEIN,UniProt
QDLELPK,F2Z349,BELONGS_TO_PROTEIN,UniProt
VQSDGQIVLVDDWIK,Q08211,BELONGS_TO_PROTEIN,UniProt
VGEATETALTCLVEKMNVFDTELK,P16615-4,BELONGS_TO_PROTEIN,UniProt
DEGSYDLGER,E9PBI9,BELONGS_TO_PROTEIN,UniProt
NTDDDRPPRR,Q14152,BELONGS_TO_PROTEIN,UniProt
GDSSATALFPQTHKE,A0A5F9ZHR8,BELONGS_TO_PROTEIN,UniProt
SKLQEIDIFNNQLK,F8W7U0,BELONGS_TO_PROTEIN,UniProt
LESMKAKLSSTQQSLAEKE,K7EPD6,BELONGS_TO_PROTEIN,UniProt
LEAELLQIEER,A0A2U3TZQ7,BELONGS_TO_PROTEIN,UniProt
ALPPVPSQDDIPLSR,Q96Q45-2,BELONGS_TO_PROTEIN,UniProt
DPQAEDRPLVFF,P29590,BELONGS_TO_PROTEIN,UniProt
TPGIYMLIFDNTFSR,H7BZ74,BELONGS_TO_PROTEIN,UniProt
TYEDPNEAVREF,P29323-3;A0A3B3IRY8,BELONGS_TO_PROTEIN,UniProt
EATVQEVDVIPEDGAADVR,O43824,BELONGS_TO_PROTEIN,UniProt
DGQTDFWR,A0A140TA52,BELONGS_TO_PROTEIN,UniProt
LDMQVTTLQDE,Q9UJC3-2,BELONGS_TO_PROTEIN,UniProt
AQLEALWK,A0A1B0GUY7,BELONGS_TO_PROTEIN,UniProt
ELDSQLNEPR,H7C3P6,BELONGS_TO_PROTEIN,UniProt
GLHHEDGSQHIGLLHPGDRGPDHEYVLVEEAECAMSER,Q8NCE0-4,BELONGS_TO_PROTEIN,UniProt
LQTLAVLLR,Q6ZRS2,BELONGS_TO_PROTEIN,UniProt
FKDSTIKR,A5YKK6-4,BELONGS_TO_PROTEIN,UniProt
LSNVEASK,Q96Q89-3,BELONGS_TO_PROTEIN,UniProt
LIPEASISTSR,Q9Y2Z2-6,BELONGS_TO_PROTEIN,UniProt
CMDYAVTLARQAGEVVCE,E5RI82,BELONGS_TO_PROTEIN,UniProt
ILIIGGSIANFTNVAATFK,P53396-2,BELONGS_TO_PROTEIN,UniProt
AELAKETDPLRR,M0QZR8,BELONGS_TO_PROTEIN,UniProt
EGLKDVDTRK,A0A2R8Y3N2,BELONGS_TO_PROTEIN,UniProt
LFQCNLCGK,Q9BUG6-2;A6NGD5,BELONGS_TO_PROTEIN,UniProt
IKDAYHMLKR,Q9NZ52-3,BELONGS_TO_PROTEIN,UniProt
SSGVPPEVFTR,P08311,BELONGS_TO_PROTEIN,UniProt
ENGTVTAANASTLNDGAAALVLMTADAAKRLNVTPLAR,A0A5F9ZI66,BELONGS_TO_PROTEIN,UniProt
AMSTTSISSPQPGKLRSPFLQK,Q9UJU6-5,BELONGS_TO_PROTEIN,UniProt
FVAHSVLENAKNAYIKDDTLFLK,O00463-3,BELONGS_TO_PROTEIN,UniProt
GENVATTEVADTVGLVDFVQEVNVYGVHVPDHEGR,G3V1R7,BELONGS_TO_PROTEIN,UniProt
TFSVFAPTPSAMHE,Q8TCS8,BELONGS_TO_PROTEIN,UniProt
LDGAPNKDLTQD,Q96K76-4,BELONGS_TO_PROTEIN,UniProt
DLFDMKPFEDALR,P29353-6,BELONGS_TO_PROTEIN,UniProt
LWSNWSQEMSIGK,A0A494C1C4,BELONGS_TO_PROTEIN,UniProt
DAAQAVGKIPLDVN,F2Z2E7,BELONGS_TO_PROTEIN,UniProt
TREAQGNSSAGVEAAEQRPVEDGERGMKPTEGW,Q6NYC8-2,BELONGS_TO_PROTEIN,UniProt
VELLQDELALSEPR,Q6ZMI0,BELONGS_TO_PROTEIN,UniProt
DLPSIAISLCGGLSDHR,A0A0A0MS66,BELONGS_TO_PROTEIN,UniProt
TLYSQKLPK,A0A0G2JMX5,BELONGS_TO_PROTEIN,UniProt
KSFEQISANITK,F8VZI0,BELONGS_TO_PROTEIN,UniProt
YLIVVRPAPPPSQK,E9PPR9,BELONGS_TO_PROTEIN,UniProt
KIGIVGLPNVGKSTFF,C9JTK6,BELONGS_TO_PROTEIN,UniProt
QALLGDSGSQNWSTGTTDKYGRLDR,O43752-2,BELONGS_TO_PROTEIN,UniProt
KLISGEYIGALAMSEPNAGSDVVSM,P26440,BELONGS_TO_PROTEIN,UniProt
FACPVCNKR,Q8IXZ3-1,BELONGS_TO_PROTEIN,UniProt
DSSASYEKENEMMKSHVM,Q13422-2,BELONGS_TO_PROTEIN,UniProt
SDLNMQQQEEEEKAR,Q08E86,BELONGS_TO_PROTEIN,UniProt
SVTEQGAELSNEERNLLSVAYKNVVGAR,E7EVZ2,BELONGS_TO_PROTEIN,UniProt
LDFDYKK,Q99962;M0R0I3,BELONGS_TO_PROTEIN,UniProt
RRDPSLEEIQK,Q9H169-4,BELONGS_TO_PROTEIN,UniProt
TEAPQASPLAKPLQSSSPR,Q8IY33-5,BELONGS_TO_PROTEIN,UniProt
KDRNLHIPTMENGPELILRFQ,O15382,BELONGS_TO_PROTEIN,UniProt
RYPTAEEILVLGGYLR,Q6NYC8-4,BELONGS_TO_PROTEIN,UniProt
LIVDKSRVGSKNPTKGKIE,Q16363-2,BELONGS_TO_PROTEIN,UniProt
VHLSQMK,A0A494C1M0,BELONGS_TO_PROTEIN,UniProt
CGLGGTGVSCPVGIKK,Q9UJ68,BELONGS_TO_PROTEIN,UniProt
ELVNGSVRAPGHGEPSHPPGGSGTESHILLER,O75128-2,BELONGS_TO_PROTEIN,UniProt
DGSRNPRILLAVNGKVF,O15173,BELONGS_TO_PROTEIN,UniProt
ATSLHEGPTNQLDLLIR,Q15723-2,BELONGS_TO_PROTEIN,UniProt
SRLLSPLSSAR,Q8IY67-2,BELONGS_TO_PROTEIN,UniProt
YNANKTPDK,A0A2R8YCR2,BELONGS_TO_PROTEIN,UniProt
LSPATENKLR,Q8N1F7,BELONGS_TO_PROTEIN,UniProt
APSGAVLDYEVKYHEK,P54760,BELONGS_TO_PROTEIN,UniProt
RCAIEADMK,B5MCW3,BELONGS_TO_PROTEIN,UniProt
FHQLHGSNAVITNGGR,I3L2W2,BELONGS_TO_PROTEIN,UniProt
DLSKDSLGPTKSSKIE,F5GZ90,BELONGS_TO_PROTEIN,UniProt
VMGFGLYLMDGSVSNIYKLDAK,Q7L576,BELONGS_TO_PROTEIN,UniProt
VGYERDFLR,O95232,BELONGS_TO_PROTEIN,UniProt
IFRTPPDTTFPEPTCLSASPPNAPPRQSK,H0Y8W5,BELONGS_TO_PROTEIN,UniProt
GIHVETLETEK,A0A494C0Q2,BELONGS_TO_PROTEIN,UniProt
LEHMGNTPLKIGSDGSQEDAKEDGFGSEVIK,Q9Y462-3,BELONGS_TO_PROTEIN,UniProt
NRTDSACSLKQMVHE,E7ENN3,BELONGS_TO_PROTEIN,UniProt
YLKQKIHDLE,Q96SN8-2,BELONGS_TO_PROTEIN,UniProt
SPLDQVLK,Q5TGL8,BELONGS_TO_PROTEIN,UniProt
VVVKPEKTEK,Q9Y520-3,BELONGS_TO_PROTEIN,UniProt
PYSHALVAGIDR,P61353,BELONGS_TO_PROTEIN,UniProt
CTVCGSDFCHTSYLLEHQR,Q8N720,BELONGS_TO_PROTEIN,UniProt
VMEHFIK,P11021,BELONGS_TO_PROTEIN,UniProt
SIQQNFK,Q86VP3-4,BELONGS_TO_PROTEIN,UniProt
VELSNGEKR,P84103,BELONGS_TO_PROTEIN,UniProt
RAHSGHPGSPR,Q7Z6L0-3,BELONGS_TO_PROTEIN,UniProt
KEILLQVEDER,P35749,BELONGS_TO_PROTEIN,UniProt
EAQIATGGIIDPVHSHRVPVDVAY,Q15149-6,BELONGS_TO_PROTEIN,UniProt
LLYDSPK,C9J8E1,BELONGS_TO_PROTEIN,UniProt
QGSPGAYDR,O00308-3,BELONGS_TO_PROTEIN,UniProt
KKLVFPSD,H7C0E2,BELONGS_TO_PROTEIN,UniProt
KMEGVTNAVLHEVK,A0A1B0GU26,BELONGS_TO_PROTEIN,UniProt
RLPEEVPSFQPR,D6R9H2,BELONGS_TO_PROTEIN,UniProt
APVLKVIVNSLKNMINTFVPSGK,A0A1B0GU06,BELONGS_TO_PROTEIN,UniProt
TEWTPAPGPVDAYEIQFIPTTEGASPPFTAR,P22105-4,BELONGS_TO_PROTEIN,UniProt
PGREIELENDLK,Q15813,BELONGS_TO_PROTEIN,UniProt
VQAYSIDNLNQITYR,A0A087WYR8,BELONGS_TO_PROTEIN,UniProt
SLDQDSPSKK,Q2LD37-7,BELONGS_TO_PROTEIN,UniProt
FAEGSKINASKNQQDD,O14979-3,BELONGS_TO_PROTEIN,UniProt
AAESPSPRLGRGLELAEVK,Q9BY89,BELONGS_TO_PROTEIN,UniProt
WSPSQVVDWMK,Q8WXI2-5,BELONGS_TO_PROTEIN,UniProt
PLNVTVIR,O00233,BELONGS_TO_PROTEIN,UniProt
EQALQEAMEQLEQLELERK,E7EMB1,BELONGS_TO_PROTEIN,UniProt
EARSLYERGMESLK,H0YNP1,BELONGS_TO_PROTEIN,UniProt
FGLIQSMK,H3BQF7,BELONGS_TO_PROTEIN,UniProt
GKAPLPSATKPS,A4D161-3,BELONGS_TO_PROTEIN,UniProt
YWLSQEEADKCSPNYLGSDWYNTWR,Q8NCR6,BELONGS_TO_PROTEIN,UniProt
IGHHSTSDDSSAYR,P12694,BELONGS_TO_PROTEIN,UniProt
RYSDKYNVPISSADIAQNQEFYK,A0A0B4J2F3,BELONGS_TO_PROTEIN,UniProt
DVIVKVDQICHKNSIK,Q9UBE0,BELONGS_TO_PROTEIN,UniProt
AFVGWYNGLPENQELEPDLSCDTAVILGQGNVALDVAR,P22570-5,BELONGS_TO_PROTEIN,UniProt
WVDMLGDWEK,A0A087X1G2,BELONGS_TO_PROTEIN,UniProt
MKVTNEDFKK,P62191,BELONGS_TO_PROTEIN,UniProt
FIQLVRPGVAQPEDTVQF,H7C2P7,BELONGS_TO_PROTEIN,UniProt
REERVQGFLQALELK,Q86SQ9,BELONGS_TO_PROTEIN,UniProt
ELLAASQR,Q14416,BELONGS_TO_PROTEIN,UniProt
AAIQDGLAKGENDETVSNTLTLTNGLER,H0YKC2,BELONGS_TO_PROTEIN,UniProt
SYNDGNQETLNGDATYSSLAAKGFR,C9JBB0,BELONGS_TO_PROTEIN,UniProt
QQHQQQLAEDAKDVPGGGPSSSAPAGAEADGPKASPEARPQIPTKPR,B0QY86,BELONGS_TO_PROTEIN,UniProt
AHILSVPVSETAYPGQTQY,Q99504-3,BELONGS_TO_PROTEIN,UniProt
SFADLQHKPLLVDLTVEEGQR,Q9UKE5-8,BELONGS_TO_PROTEIN,UniProt
MREDWIEEECHR,Q9NX95-5,BELONGS_TO_PROTEIN,UniProt
GISRFIPPWLK,E9PK52,BELONGS_TO_PROTEIN,UniProt
WIKFEEK,Q9Y6R1-3,BELONGS_TO_PROTEIN,UniProt
VQAAEHTL,E7EWE1,BELONGS_TO_PROTEIN,UniProt
VFKNALQEAEAR,O96028-2,BELONGS_TO_PROTEIN,UniProt
GNIPTLNR,Q13085-2,BELONGS_TO_PROTEIN,UniProt
NHHLAVGFKLLQEE,Q08499-4,BELONGS_TO_PROTEIN,UniProt
ITFCTGIR,P55036,BELONGS_TO_PROTEIN,UniProt
VPIIVPIMMLAIK,A0A590UK04,BELONGS_TO_PROTEIN,UniProt
HKVQSLQTALE,P39880-5,BELONGS_TO_PROTEIN,UniProt
LHLDYIGPCK,P09486,BELONGS_TO_PROTEIN,UniProt
LEQELPAR,A0A1X7SBT7,BELONGS_TO_PROTEIN,UniProt
DETNYGIPQR,D6R9L0,BELONGS_TO_PROTEIN,UniProt
SEMCGQKFELK,Q12980,BELONGS_TO_PROTEIN,UniProt
PSSAPELQAVR,O14579-2,BELONGS_TO_PROTEIN,UniProt
SPYMAFIHPATGGYNPDLVRAYGPGLE,O75369-8,BELONGS_TO_PROTEIN,UniProt
YDKQIDLSTVDLKK,P55145,BELONGS_TO_PROTEIN,UniProt
TPKNGPPPCPR,P51610-4,BELONGS_TO_PROTEIN,UniProt
KGQTKDPALNTSLPQK,E9PCH4;A0A5F9ZHG7,BELONGS_TO_PROTEIN,UniProt
AMQKWYYKDPQGE,C9JHW1,BELONGS_TO_PROTEIN,UniProt
EHKDNIGSQYLLNWCVQIAK,E9PFD7,BELONGS_TO_PROTEIN,UniProt
DHLKSLIKED,P16383,BELONGS_TO_PROTEIN,UniProt
EILKVIGRGAF,M0QYC6;A0A0A0MRJ0,BELONGS_TO_PROTEIN,UniProt
VRELQNQGR,A0A1B0GU55,BELONGS_TO_PROTEIN,UniProt
KREIFSNF,Q15599-2,BELONGS_TO_PROTEIN,UniProt
IKEVEEKQPEMK,Q9ULL5-2,BELONGS_TO_PROTEIN,UniProt
NKAAAVIQR,Q9Y283,BELONGS_TO_PROTEIN,UniProt
SMVEVLADHPGELVR,Q01196-3,BELONGS_TO_PROTEIN,UniProt
KYDYTDSKY,O95453,BELONGS_TO_PROTEIN,UniProt
EREKPLPTFK,Q99755-2,BELONGS_TO_PROTEIN,UniProt
HGGYLNELGAFGLDR,Q96KG7,BELONGS_TO_PROTEIN,UniProt
ILQPALDLLGSEDDDSAPETTGHGFPHFSEAPAR,Q96LW4-2,BELONGS_TO_PROTEIN,UniProt
EGGEEPLGIERK,A6NDB9,BELONGS_TO_PROTEIN,UniProt
GRRPEHGGPPELFYDETEAR,O43709,BELONGS_TO_PROTEIN,UniProt
YVDINTFR,P39900,BELONGS_TO_PROTEIN,UniProt
IPDIYDCVK,Q6PFW1-5,BELONGS_TO_PROTEIN,UniProt
ELQDKLQAKSPK,Q9P0K7-4,BELONGS_TO_PROTEIN,UniProt
MGSLKEELLK,Q9UH65,BELONGS_TO_PROTEIN,UniProt
FYEEFDAHGREVPLPAGIYNLDDLK,A8MX75,BELONGS_TO_PROTEIN,UniProt
DLTDELAQK,Q659C4-9,BELONGS_TO_PROTEIN,UniProt
CYAVAQEGTYFDGSGYAALVK,P25391,BELONGS_TO_PROTEIN,UniProt
KLPSHSFEIDHEDAD,Q96BY6-3,BELONGS_TO_PROTEIN,UniProt
GCGLAPPHYPTLLTVPASVSLPSGISMDTESK,Q8TF68-3,BELONGS_TO_PROTEIN,UniProt
RLASYLDRVRSLE,F8VZY9,BELONGS_TO_PROTEIN,UniProt
LINRNTTIPTK,P38646,BELONGS_TO_PROTEIN,UniProt
RLSVERIYQK,P11388-3,BELONGS_TO_PROTEIN,UniProt
IGALSATPLKIQGTEEGIRIFSK,Q5VTT5,BELONGS_TO_PROTEIN,UniProt
LQKMLLVD,P18085,BELONGS_TO_PROTEIN,UniProt
KGISQTNLITTVTPE,J3KT37,BELONGS_TO_PROTEIN,UniProt
RNIARVHDAWLSK,Q5JSL3,BELONGS_TO_PROTEIN,UniProt
HLDVVTLLR,Q13936-28,BELONGS_TO_PROTEIN,UniProt
QNSPAGNK,A0A2R8Y7E6,BELONGS_TO_PROTEIN,UniProt
AIHIIKKLGGSLADSYLDE,P78371,BELONGS_TO_PROTEIN,UniProt
FPEARLELARK,Q9P015,BELONGS_TO_PROTEIN,UniProt
SMMQSLSQNPDLAAQMMLNNPLFAGNPQLQEQMR,Q9UMX0-3,BELONGS_TO_PROTEIN,UniProt
KDPSESWTLPVAAGPGQDTDKTPGHAPAQD,O75363-2,BELONGS_TO_PROTEIN,UniProt
GLFDEEMNEILTDPSDDTK,Q15149,BELONGS_TO_PROTEIN,UniProt
DVEKNRKIVAENLEKVQAEAERL,Q14457,BELONGS_TO_PROTEIN,UniProt
QLREQVSQDLMALQGTQNPASPLPSFDEVDSGDQPPATSVPAPRAK,Q8WXH0-5,BELONGS_TO_PROTEIN,UniProt
TQCPTCCVTVTEPDLK,F8WFA6,BELONGS_TO_PROTEIN,UniProt
VADYCEDNYVQATDK,Q9P2A4-2,BELONGS_TO_PROTEIN,UniProt
SVANSGLSDSLTTSTPR,Q7RTN6-4,BELONGS_TO_PROTEIN,UniProt
RFPVEMQIFFYNPDDFDSFQTAISENR,P23470,BELONGS_TO_PROTEIN,UniProt
VQRLQASLTKLRE,Q13948-9,BELONGS_TO_PROTEIN,UniProt
DGKTSCVCRESEVG,Q9NY15-2,BELONGS_TO_PROTEIN,UniProt
KAVHLQGHEGPVY,Q6IA86-2,BELONGS_TO_PROTEIN,UniProt
KGAPEGVIDRCTHIRVGST,P16615,BELONGS_TO_PROTEIN,UniProt
GAVLTFSCMDR,C9JQS3,BELONGS_TO_PROTEIN,UniProt
NRPKKKNAINTEMY,F1LLU7,BELONGS_TO_PROTEIN,UniProt
KTQLEWTEAILEDEQTQRQ,Q9P2E9-3,BELONGS_TO_PROTEIN,UniProt
DSKAAELIANSLATAGDGLIELRKLEAAE,C9JW96,BELONGS_TO_PROTEIN,UniProt
DHTSTPNP,P16157-23,BELONGS_TO_PROTEIN,UniProt
KVIAQLSECE,Q92878-3,BELONGS_TO_PROTEIN,UniProt
GIFAIIKPFLK,Q5QPC2,BELONGS_TO_PROTEIN,UniProt
TYCYLLPTFAFAHKDR,Q9Y606-2,BELONGS_TO_PROTEIN,UniProt
QLGHSVDKVEFIVMGGTFMALPEEYR,E5RHR2,BELONGS_TO_PROTEIN,UniProt
CTEDMTEDELREFFSQYGDVMDVFIPKPFR,B1AKP7,BELONGS_TO_PROTEIN,UniProt
HVTSNASDSESSYRGQEEYVLSYEPVNQQEVNYTRPVIILGPMK,Q12959,BELONGS_TO_PROTEIN,UniProt
EEQRQVLIRQIQLAK,E9PP81,BELONGS_TO_PROTEIN,UniProt
KLLESEESR,Q5XKE5,BELONGS_TO_PROTEIN,UniProt
CGEDDETIPSEYRLK,A0A0C4DGB5,BELONGS_TO_PROTEIN,UniProt
LPEISHRLEAFYGQCFGAEFVEVIK,Q8NF50,BELONGS_TO_PROTEIN,UniProt
TIIVTELSPVVAK,P13688,BELONGS_TO_PROTEIN,UniProt
GGPTSHPSPVPPPASSPSPLSGSALCGGK,P49848-2,BELONGS_TO_PROTEIN,UniProt
GGTWFAGFGRER,H0YD04,BELONGS_TO_PROTEIN,UniProt
AKDAVSSGVASVVDVAKGVVQGGLDTTR,Q96Q06-2,BELONGS_TO_PROTEIN,UniProt
TTPLLFSQVPGPGGHHHSLYSTPQT,H0YGJ1,BELONGS_TO_PROTEIN,UniProt
QDLWAEKFEPE,H0YC33,BELONGS_TO_PROTEIN,UniProt
VLPHWLSWLPLHE,O00410,BELONGS_TO_PROTEIN,UniProt
SAIYPTSAK,Q9UJ68-2,BELONGS_TO_PROTEIN,UniProt
