ID,:LABEL,type,unique
WAAEKLEK,Peptide,tryptic peptide,False
VYNWDVK,Peptide,tryptic peptide,False
DFPSTAK,Peptide,tryptic peptide,True
LLEILCLLLNEQELQLGAAECLLIAVSR,Peptide,tryptic peptide,True
RTVAAPSVFIFPPSDEQLKSGTASVVCLLNNFYPREA,Peptide,tryptic peptide,True
LPPQDAEWGGGEEGGAAKPGAGGACGAR,Peptide,tryptic peptide,True
SKPELPPGLSPEATAPVTPSRPEGGEPGLSK,Peptide,tryptic peptide,False
SRGFGFVTFENIDDAKDAMMAMNGK,Peptide,tryptic peptide,False
TKEAVLLLKK,Peptide,tryptic peptide,False
MFQSTAGSGGVQEDALMAVSTLVEVLGGEFLK,Peptide,tryptic peptide,False
TDPKFVERTL,Peptide,tryptic peptide,False
KSSLVTPSISKEEILE,Peptide,tryptic peptide,True
LSELLASR,Peptide,tryptic peptide,False
LCRVLRAKE,Peptide,tryptic peptide,False
SLLDIISDPDAGTPEDKMR,Peptide,tryptic peptide,False
SLLHCFQCCGAK,Peptide,tryptic peptide,False
AIEASNAYSR,Peptide,tryptic peptide,True
HLQFFSEFGNSDIYVSLAGK,Peptide,tryptic peptide,False
NRDRRPVHLDQAAF,Peptide,tryptic peptide,False
FQTNLVPYPRIHFPLATYAPVISAE,Peptide,tryptic peptide,False
SKNSVEGDSTSDAEGDAGPAGQDKSEVPETPEIPNELSSNIR,Peptide,tryptic peptide,True
NLNLAQPLPPDLK,Peptide,tryptic peptide,False
KALGDSSPSQAMQEYIAVVK,Peptide,tryptic peptide,False
KPYDDDAEYM,Peptide,tryptic peptide,False
GEEAFQMSEVDEESGLK,Peptide,tryptic peptide,False
KPISKAVIVLNEGIKVQT,Peptide,tryptic peptide,False
QQPSQPQQPPPTQQAVARRPPGGTSPPNGGLPGPL,Peptide,tryptic peptide,False
ALGILGRSESVVSGLDSPAK,Peptide,tryptic peptide,False
IYSNNQYAR,Peptide,tryptic peptide,True
TYAESGNAQAAAICEYPRR,Peptide,tryptic peptide,False
MDIRPNHTIYINNMN,Peptide,tryptic peptide,True
FNQLPVELK,Peptide,tryptic peptide,False
EPADTEVLQYQLQHLTLR,Peptide,tryptic peptide,True
NQQYAEQLRMEETPTEY,Peptide,tryptic peptide,False
IQGRTIPIDGNFFTYTR,Peptide,tryptic peptide,False
WGGIMVYNVDSK,Peptide,tryptic peptide,False
STLNSVSK,Peptide,tryptic peptide,False
WDAVPGASGYLILYAPLTEGLAGDEK,Peptide,tryptic peptide,False
KPLAPDGVLLFSGG,Peptide,tryptic peptide,True
KVKELEEELQHL,Peptide,tryptic peptide,False
IGIMPGHIHK,Peptide,tryptic peptide,False
AAVPQNNLQEQLER,Peptide,tryptic peptide,False
KAKLDENSAFLQFNWK,Peptide,tryptic peptide,False
VRLVPGRHDIAFVE,Peptide,tryptic peptide,False
CLNAGSGTETAERVQMK,Peptide,tryptic peptide,False
NLALGGGLLLLLAESR,Peptide,tryptic peptide,False
GSAVHQLSEELR,Peptide,tryptic peptide,False
SILIDESTQATEPECMVPVVLGAK,Peptide,tryptic peptide,False
RAEQLPQIYYIEGTLQMVWINR,Peptide,tryptic peptide,False
KDRPWIWNIPYV,Peptide,tryptic peptide,False
TGEDCEADCPEGR,Peptide,tryptic peptide,False
GDTSEDASIHR,Peptide,tryptic peptide,False
IVAPGKGILAADESVGSMAKR,Peptide,tryptic peptide,False
KKAFMGPLKKDRIAKEE,Peptide,tryptic peptide,False
IEFKELISLVEDVSSNYDGCCEGDVVQCIR,Peptide,tryptic peptide,True
QAQSMIQQLATYCAR,Peptide,tryptic peptide,False
RTPEILTVNSIGQL,Peptide,tryptic peptide,True
EFVSSGR,Peptide,tryptic peptide,False
VRNLTYMVTR,Peptide,tryptic peptide,False
EELLKPMGLKPDGTITPLEEALNQYSVIEETSSDTD,Peptide,tryptic peptide,False
WSSENVVVEFR,Peptide,tryptic peptide,False
KVAKPVVEMDGDEMTRIIWQFIKE,Peptide,tryptic peptide,False
EAPVDHLHLPPTPPSSHGSDSEGSLSPNPR,Peptide,tryptic peptide,False
VATWFNQPARK,Peptide,tryptic peptide,False
VGDALKEKYDSAAAMR,Peptide,tryptic peptide,False
PRPYPPNVGQEALSQTTISWAPFQDTSEYIISCHPVGTDEEPLQFR,Peptide,tryptic peptide,False
KLEEKSDQLEKL,Peptide,tryptic peptide,False
HIPSAELEDSGTY,Peptide,tryptic peptide,False
ADTLTPEECQQFKK,Peptide,tryptic peptide,False
VSDMVEDLYR,Peptide,tryptic peptide,False
KQEEGES,Peptide,tryptic peptide,True
HAWLYQAEEEFEKR,Peptide,tryptic peptide,False
AFDRHCNMVLENVKEMWTEVPK,Peptide,tryptic peptide,False
LTQIKSNIDALLSRLE,Peptide,tryptic peptide,False
EADQPTTEPGMVLDSVEAGDTTPPTK,Peptide,tryptic peptide,False
VETCCVIGNYYSLR,Peptide,tryptic peptide,False
VFREFLLPR,Peptide,tryptic peptide,False
VPVSCEKEVDALL,Peptide,tryptic peptide,True
KYDSDRTELGFTNYIRALREGDHERLG,Peptide,tryptic peptide,True
RSDSQQAVK,Peptide,tryptic peptide,False
LEDPSSGLGVTKQDLGPVPM,Peptide,tryptic peptide,False
QSNDIARGFERGLEPE,Peptide,tryptic peptide,True
DHYQDPVPGITPSSSSR,Peptide,tryptic peptide,False
RLRDVLSSNE,Peptide,tryptic peptide,False
EFSELEQSGYYVCYPR,Peptide,tryptic peptide,False
NGHTDMIDQDGLY,Peptide,tryptic peptide,False
ELINRIER,Peptide,tryptic peptide,False
KDGTTDVTRTMHFGTPTAYE,Peptide,tryptic peptide,False
GEHAMITAR,Peptide,tryptic peptide,False
KNYTEEEDRFLICMLH,Peptide,tryptic peptide,False
DNTQRFLQEEAEK,Peptide,tryptic peptide,False
TPLALAGSPTPKNPEDKSPQLSLSPR,Peptide,tryptic peptide,False
IDSLSEQISFLEEQLGSCSCKKDS,Peptide,tryptic peptide,True
KGGNLYHTDVSLFGEPTEFEYLR,Peptide,tryptic peptide,False
ETPPASEK,Peptide,tryptic peptide,False
NSSDYQSNLA,Peptide,tryptic peptide,True
DMVAMQEAAQHLLGTH,Peptide,tryptic peptide,True
DCFSEKPVPLNFNQQEYICGSHGVEHR,Peptide,tryptic peptide,True
GFMDGKQACEKMIQALELDPNLYR,Peptide,tryptic peptide,False
KAKTIVTALPGSF,Peptide,tryptic peptide,False
KTRKRDEKERFDPTQF,Peptide,tryptic peptide,False
KCMLDWTDCNLSPTLR,Peptide,tryptic peptide,False
FWGSVGPAR,Peptide,tryptic peptide,False
GRAVQHREVQGNESEAFR,Peptide,tryptic peptide,False
VLNIGKKLYEGKTKE,Peptide,tryptic peptide,False
LRPVVPLALPHR,Peptide,tryptic peptide,False
HVSHVGWDPQNGFDVNNLDPDLRSLFSRAGISEAQLTDAETSK,Peptide,tryptic peptide,True
SSGGEGVK,Peptide,tryptic peptide,False
TIQGHLQSENFK,Peptide,tryptic peptide,False
AIFENTLSTYPK,Peptide,tryptic peptide,False
PAYHSSLMDPDTKLIGNMALLPIR,Peptide,tryptic peptide,False
KRLGINLLGGPLGG,Peptide,tryptic peptide,True
LAVGDNNSKWVK,Peptide,tryptic peptide,False
DALTAEKSKIETEIK,Peptide,tryptic peptide,False
APAPPPPQPPPPSPLIPNRTEDK,Peptide,tryptic peptide,False
ITITHPR,Peptide,tryptic peptide,False
GSKEDPQTF,Peptide,tryptic peptide,False
DHIVLTVLPDQDQSDEAQEK,Peptide,tryptic peptide,False
FLIDFSYLLSK,Peptide,tryptic peptide,False
LDEEEHKNLK,Peptide,tryptic peptide,False
ATAEKPGGAR,Peptide,tryptic peptide,False
SPLNFSTVTVEQLGITPESFVRNSAGK,Peptide,tryptic peptide,False
SSEDIEGMRL,Peptide,tryptic peptide,True
KGEAVPFK,Peptide,tryptic peptide,False
LTSKQPVGFVSFDSR,Peptide,tryptic peptide,False
FPAAILRGLKK,Peptide,tryptic peptide,False
CPFYAAEQDK,Peptide,tryptic peptide,False
RQQEEEERK,Peptide,tryptic peptide,False
KTPAFAESVTEGDVRWE,Peptide,tryptic peptide,False
TEVWTWGK,Peptide,tryptic peptide,False
GGGGGQDNGLEGLGNDSRDMYMESEGGDGYLAPENGYLMEAAPE,Peptide,tryptic peptide,False
STGKYSLATEEIERDLHR,Peptide,tryptic peptide,False
GVPQSTAASS,Peptide,tryptic peptide,False
DKKEDVGTVVGIDLGTTYSCVGVFKNGRVEIIAN,Peptide,tryptic peptide,True
LLISTDR,Peptide,tryptic peptide,True
SLDNEVEK,Peptide,tryptic peptide,False
IFTAGAGTGEVE,Peptide,tryptic peptide,False
GAGGQGKLDVTILSPSRK,Peptide,tryptic peptide,False
KATVDMLQAEGGR,Peptide,tryptic peptide,False
APPKPARAAPK,Peptide,tryptic peptide,False
EVPGYIVLFYNMSLDVNR,Peptide,tryptic peptide,False
HIHSSVKPFICEVCHK,Peptide,tryptic peptide,False
DTRSLKEENFIASIGPEVIKPVF,Peptide,tryptic peptide,False
KLKRILKSHGKDEE,Peptide,tryptic peptide,False
SFEEKELASSLAYEERPR,Peptide,tryptic peptide,False
WFDKSFTFVVFK,Peptide,tryptic peptide,False
YADQEVPRSPFKIK,Peptide,tryptic peptide,False
TPMTSQKTFESLVDFSK,Peptide,tryptic peptide,False
VPPAQPKPGVAAPPE,Peptide,tryptic peptide,False
ANYFFDAAK,Peptide,tryptic peptide,False
RHSKGPLIVDTVSAE,Peptide,tryptic peptide,True
YFHDDDNLSLNDLVKNEK,Peptide,tryptic peptide,False
ILPGTEQEMLYNFYPLMAGYQQLPSLNINLLR,Peptide,tryptic peptide,False
IDSSSASQHGRDAILYLQTQVAEMSR,Peptide,tryptic peptide,True
FISIDPERDTKEAIANY,Peptide,tryptic peptide,False
RSSSPSLNSGK,Peptide,tryptic peptide,True
KNTAPSLSSR,Peptide,tryptic peptide,False
RRLVCLTLATDDVDPEGNESIWYNGK,Peptide,tryptic peptide,True
NSSFHLNSETGTLVFTAVHK,Peptide,tryptic peptide,False
LLSRTSLE,Peptide,tryptic peptide,False
QHAADTSEAR,Peptide,tryptic peptide,False
SSGFAQHEYR,Peptide,tryptic peptide,True
PYSPLASLSGEPPGRFGEPDRVGPQK,Peptide,tryptic peptide,False
FLILQGEVEQIAMMKPK,Peptide,tryptic peptide,False
IFDEVMGCFSDSPPQSPTFPEAGHTSLYDEDKVPR,Peptide,tryptic peptide,False
APSLEGTAGK,Peptide,tryptic peptide,False
LLDDPSKQK,Peptide,tryptic peptide,False
TCYHPTSVCLPGCLNQSCGSNCCQPCCR,Peptide,tryptic peptide,True
TMLNDLLRFDVK,Peptide,tryptic peptide,False
WVKQESEISKESQEMDARPK,Peptide,tryptic peptide,False
IIILYDDDER,Peptide,tryptic peptide,False
IFHWQIMDGNLTGNIRE,Peptide,tryptic peptide,False
ELCSLNQEDFFQR,Peptide,tryptic peptide,True
YSSNVRAPPPVAYNPIHSPSYPLAALKSQPSAAQPSK,Peptide,tryptic peptide,False
ITIPDIK,Peptide,tryptic peptide,False
LQVENSTLSSQSAALTAQYTLLQNHHTAK,Peptide,tryptic peptide,True
RVYCDMNTENGGW,Peptide,tryptic peptide,False
HQSNKGYSLASLLAK,Peptide,tryptic peptide,False
SSYKVIVMPTTKE,Peptide,tryptic peptide,True
VARPERPRADTGHAFLAKPPAR,Peptide,tryptic peptide,False
KGDIVARDEVDSLMCEK,Peptide,tryptic peptide,False
STNISFTNMVSVDER,Peptide,tryptic peptide,True
DKMIDLIIPRGSSQLVR,Peptide,tryptic peptide,False
AQHPSRGFAEHGK,Peptide,tryptic peptide,False
RLAYFCTR,Peptide,tryptic peptide,False
KSLDLTGPLLLGGVPNLPEDFPVHNR,Peptide,tryptic peptide,False
YSNKDCPDSAEEYER,Peptide,tryptic peptide,False
AGWQNLVHE,Peptide,tryptic peptide,False
TSCHIAEEHIQK,Peptide,tryptic peptide,False
CPGTDSEKVGLVLQ,Peptide,tryptic peptide,False
DSEGDTPSLINWPSSK,Peptide,tryptic peptide,True
SHFASSHALICISHWILGIGDR,Peptide,tryptic peptide,False
NRISWVGEAVK,Peptide,tryptic peptide,False
EGGGNNLYGEEMVQALK,Peptide,tryptic peptide,False
HLQPSQAQPETSIFDVLK,Peptide,tryptic peptide,False
EMQKPLAR,Peptide,tryptic peptide,False
KEILDHLNRKIAE,Peptide,tryptic peptide,False
SCSMAPPVDLLTGK,Peptide,tryptic peptide,False
ALQALTIYE,Peptide,tryptic peptide,True
DSSREPGGSLSFLR,Peptide,tryptic peptide,False
VPHNTPVDVTPCMSPLPHDSPLIEKPGLGQIEEENEGAGFK,Peptide,tryptic peptide,False
RSSTSSDHFSASECSSQGGFK,Peptide,tryptic peptide,False
KRLHGLDEEAEQ,Peptide,tryptic peptide,False
STPSLVDPPDR,Peptide,tryptic peptide,False
AIRKKSTKSPPVLSHE,Peptide,tryptic peptide,True
HIGSAHNRSAMPF,Peptide,tryptic peptide,True
RPRDPTPSFYDLWAQEDPNAVLGR,Peptide,tryptic peptide,False
DGDYEFLKSWTVE,Peptide,tryptic peptide,False
NECSAIK,Peptide,tryptic peptide,False
DSVASNNK,Peptide,tryptic peptide,False
NANVQDAATNSAVLNENNVPLPK,Peptide,tryptic peptide,False
GSTSSSLSDHWLLR,Peptide,tryptic peptide,False
TGKLEDGTEFDSSLPQNQPF,Peptide,tryptic peptide,False
KLDASILEDRDKPYACDICGK,Peptide,tryptic peptide,True
YKDGDQCETSPCQNQGKCK,Peptide,tryptic peptide,False
ATKLLSNTVMPRFTE,Peptide,tryptic peptide,False
EGVVITR,Peptide,tryptic peptide,False
EDQKMSPK,Peptide,tryptic peptide,False
YHLSYLQEVE,Peptide,tryptic peptide,True
QVHIGQLYSTDK,Peptide,tryptic peptide,True
IHTEEKLYECSQYGR,Peptide,tryptic peptide,False
AGCCCLSAEEKESQR,Peptide,tryptic peptide,True
KQLLLIAGLTR,Peptide,tryptic peptide,False
VLSEAGSAARFSCNQPQCPAVFYTFNK,Peptide,tryptic peptide,True
ATSVDYSSFADR,Peptide,tryptic peptide,False
SYRLCDPSERELYK,Peptide,tryptic peptide,True
VDLAPPALVVAWK,Peptide,tryptic peptide,False
NLMNAVVLTVK,Peptide,tryptic peptide,False
TMQITALNENLGTVKKEW,Peptide,tryptic peptide,True
GLLGQEGLVEIAMDSPEQEGLVGPMEITMGSLEK,Peptide,tryptic peptide,False
YLITTFSLAHELQK,Peptide,tryptic peptide,False
KDIKPQLELIEDEE,Peptide,tryptic peptide,True
DFRDYRRVHKPPKVQE,Peptide,tryptic peptide,False
YWELIYEDSMDLIAK,Peptide,tryptic peptide,False
VQAVLTSDSPALVGSNITFAVNLIFPR,Peptide,tryptic peptide,False
RALHEDLPSGSFIQDDMVHCSYLCDEGK,Peptide,tryptic peptide,False
VFDLQFSTDSPR,Peptide,tryptic peptide,False
TDFTPHWK,Peptide,tryptic peptide,False
PGIFYQQTLPESHLPK,Peptide,tryptic peptide,False
DKVTGVGPPANEDTR,Peptide,tryptic peptide,False
DVERQWKGHDLNE,Peptide,tryptic peptide,False
EDNYGEDIKTEVPEEDALSSK,Peptide,tryptic peptide,True
TRLAADVGKAGAER,Peptide,tryptic peptide,True
LVADYMAEKLNLDPLITHTLNLDKINEAVELMK,Peptide,tryptic peptide,False
NMADAMRKHPEVDVLINFASLR,Peptide,tryptic peptide,False
DFNYATK,Peptide,tryptic peptide,False
EAIAKGIRRIVAVTGAE,Peptide,tryptic peptide,False
TRPPPHAAPDGPTSGR,Peptide,tryptic peptide,True
KLVFQQFDLEPSEGCFYDYVK,Peptide,tryptic peptide,False
GPLEGHTENDHHK,Peptide,tryptic peptide,False
DIGISDPQHR,Peptide,tryptic peptide,False
VGSFGNGTVLR,Peptide,tryptic peptide,False
IVGSTSFPVKAYVMLHQK,Peptide,tryptic peptide,False
TDNALIARSL,Peptide,tryptic peptide,False
DGEEQTQDTELVETRPAGDGTFQK,Peptide,tryptic peptide,False
WIHALEETILR,Peptide,tryptic peptide,False
FLKPWSHGNFSK,Peptide,tryptic peptide,False
SAASSGAR,Peptide,tryptic peptide,False
DLNSDIGTDKDPEQWKNVHK,Peptide,tryptic peptide,True
FYETKEESYSPSK,Peptide,tryptic peptide,False
HTQLTGPALEAWTDR,Peptide,tryptic peptide,True
KHFVGMLPE,Peptide,tryptic peptide,False
LEEGVLLSWTKK,Peptide,tryptic peptide,False
VVIKQMKE,Peptide,tryptic peptide,False
DIMSGQTDVDHPLCEECT,Peptide,tryptic peptide,True
WLSLDLEQCIPFWPEYASSK,Peptide,tryptic peptide,False
GWWFSEQEADVFSALEEPAVCR,Peptide,tryptic peptide,True
KDEVQNAVQRLRP,Peptide,tryptic peptide,False
DGSNHKAESGALIEAAK,Peptide,tryptic peptide,False
FRHCSLLR,Peptide,tryptic peptide,True
APEVNLNAPDVDVHGPDWNLK,Peptide,tryptic peptide,True
AMEDLGRANR,Peptide,tryptic peptide,False
IAFFSSR,Peptide,tryptic peptide,False
EEGLHSVDVTYDGSPVPSSPF,Peptide,tryptic peptide,False
DHPYISEIKQEIESH,Peptide,tryptic peptide,True
SVLFHTVR,Peptide,tryptic peptide,False
LHQGELQLLAGGVLQAPQPVLVK,Peptide,tryptic peptide,False
LPSDPFTHLAPK,Peptide,tryptic peptide,False
AYPTPLRSK,Peptide,tryptic peptide,False
SPVKSSPVRMSESPTPCSGSSFEE,Peptide,tryptic peptide,False
EGEVNGRKGLFPF,Peptide,tryptic peptide,True
VDINCEDMEDGTCK,Peptide,tryptic peptide,False
EAILAIHKEAQR,Peptide,tryptic peptide,False
SPQQSAALPR,Peptide,tryptic peptide,False
KFRTFEEKDIELHLESSSHQETLDHIQ,Peptide,tryptic peptide,False
NQLIIHMLK,Peptide,tryptic peptide,False
SASPYPSHSLSSPQR,Peptide,tryptic peptide,False
DLLYSIDAYR,Peptide,tryptic peptide,False
KKGKFTLPGREKQATSDVQE,Peptide,tryptic peptide,False
LSFGDTQTIWAR,Peptide,tryptic peptide,False
KLYEMVSYCQNIS,Peptide,tryptic peptide,True
LDLQYAKLLNSSK,Peptide,tryptic peptide,False
KRTEMENEFVLIK,Peptide,tryptic peptide,False
RETTGTGPNVYHENDTIAK,Peptide,tryptic peptide,True
TASLESVKPLYTMALGLLVK,Peptide,tryptic peptide,True
EEIAEYR,Peptide,tryptic peptide,False
EQLANDLK,Peptide,tryptic peptide,True
TSTKLHVGNISPTCTNK,Peptide,tryptic peptide,False
VSAEAVTTTLHQVTR,Peptide,tryptic peptide,False
LSNAMAR,Peptide,tryptic peptide,False
NSKLQQQREQIF,Peptide,tryptic peptide,False
LAIKPFYQNK,Peptide,tryptic peptide,False
KYYGLQILENVI,Peptide,tryptic peptide,False
VTQSNFAVGYKTDEFQLHTNVNDGTEFGGSIYQK,Peptide,tryptic peptide,True
ASDVDHMVR,Peptide,tryptic peptide,False
LIRSQAVKKNPGIAAKWWNPPQEKTIEE,Peptide,tryptic peptide,False
MSGCDLGPDGR,Peptide,tryptic peptide,False
KRDSDAGSSTPTTSTR,Peptide,tryptic peptide,False
EKGYIDLSK,Peptide,tryptic peptide,False
MKPSDLSQVWPEANQHFSK,Peptide,tryptic peptide,False
ENVFLSYQDK,Peptide,tryptic peptide,True
MEKDGLCRA,Peptide,tryptic peptide,True
REVEVKLTPLILK,Peptide,tryptic peptide,False
RQTEDVQMLLR,Peptide,tryptic peptide,False
GTAETDQLAPIVPLNPGDLTFLGGEDGQKR,Peptide,tryptic peptide,False
KPLMVIHHLEDCQYSQALK,Peptide,tryptic peptide,False
ADALNKELLMTK,Peptide,tryptic peptide,True
LDQTIMR,Peptide,tryptic peptide,False
YAFKAINQGGLTSVAVRGKDCAVIVTQKKVPDKLLD,Peptide,tryptic peptide,False
LQQELDDATMDLEQQRQLVSTLEK,Peptide,tryptic peptide,False
GGIEGEGNIQGVGE,Peptide,tryptic peptide,False
GKVKVGVNGFGR,Peptide,tryptic peptide,True
GQNSLALHKVIMVGSGGVGK,Peptide,tryptic peptide,False
KPVYVFDG,Peptide,tryptic peptide,False
LQLQIPRIEDGNNF,Peptide,tryptic peptide,False
DGTYQVEYTPFEKGLHVVEVTY,Peptide,tryptic peptide,False
DSKPIALK,Peptide,tryptic peptide,False
QQQQVHQVYIR,Peptide,tryptic peptide,False
CRVLELPYQGEELSMVILLPDDIEDESTGLK,Peptide,tryptic peptide,False
NCWETEASFRPTFENLIPILK,Peptide,tryptic peptide,False
MRAVIKAQHPDYSFGE,Peptide,tryptic peptide,False
RTICSSVDKLDKVSW,Peptide,tryptic peptide,False
RGSMSYLAAVEEEVEESSVKSDNGDEK,Peptide,tryptic peptide,False
KHTSQKDYSRGFGGRYGVE,Peptide,tryptic peptide,True
AQNANTTQDPLSNK,Peptide,tryptic peptide,False
LRKPGRLPDTALPTLQNGAAVTD,Peptide,tryptic peptide,False
IDNLMADGTCQDAAIVGY,Peptide,tryptic peptide,False
EIAEVNKK,Peptide,tryptic peptide,True
MVNHFIAEF,Peptide,tryptic peptide,False
RLNQVSPADSGEY,Peptide,tryptic peptide,True
LLATYGPLDNVRIVTLAPE,Peptide,tryptic peptide,False
SNVIAHEISHSW,Peptide,tryptic peptide,False
KDQIGKGTQGATAGASSELDAS,Peptide,tryptic peptide,False
QFYEPKPDLLPPLKLEACILTQGDK,Peptide,tryptic peptide,False
LIGEYGLR,Peptide,tryptic peptide,False
LGKRPHSPEKAFSSNPVVR,Peptide,tryptic peptide,False
VKEAERDVSLTSLAK,Peptide,tryptic peptide,False
WCYGNNVLRPGDK,Peptide,tryptic peptide,False
RHIGENLMNEMDIR,Peptide,tryptic peptide,False
EKVHLEETIGEIQVTLNKK,Peptide,tryptic peptide,False
CSGESEQLR,Peptide,tryptic peptide,False
EGILFVTYPDGRPTGDAFVLFACEEYAQNALR,Peptide,tryptic peptide,False
SSGSLLNNAIKGGVEDEATLSAYVTIALLEIPLPVTNPIVR,Peptide,tryptic peptide,False
ESLGLNGDFSVLNTLLNFTDNFDDFR,Peptide,tryptic peptide,False
RLRSDAVESAAQK,Peptide,tryptic peptide,True
VSFRVPDASQDDGPAVERPSTEL,Peptide,tryptic peptide,False
AQEANMGLLDEILKQEIR,Peptide,tryptic peptide,False
AMDDSSVTEHQKVELLR,Peptide,tryptic peptide,False
GIGTVTFEQSIEAVQAISMFNGQLLFDRPMHVK,Peptide,tryptic peptide,False
SYELGVLFLPSAFGLDSFK,Peptide,tryptic peptide,False
GLIDQMIDKTKVE,Peptide,tryptic peptide,False
SSLQQGFLK,Peptide,tryptic peptide,False
GHAAFTSDPKPTIEVSGKK,Peptide,tryptic peptide,False
QEWSREEEERLQAIAAAHGHLEWQK,Peptide,tryptic peptide,False
GLPNVVTSAISLPNIRKPDGYDYYAFSK,Peptide,tryptic peptide,False
IWECTFDLLAYFTK,Peptide,tryptic peptide,False
GATTLGVTTPAVSWGDAPTEVVACSGSLK,Peptide,tryptic peptide,False
IQNPYLHVEPEKE,Peptide,tryptic peptide,False
MLGNLLRPPYERPELPTCLYVIGLTGISGSGK,Peptide,tryptic peptide,False
DKRDAEDAM,Peptide,tryptic peptide,False
EIQTVIGER,Peptide,tryptic peptide,False
EDIQKETVYCLNDDDETEVLK,Peptide,tryptic peptide,True
VMNKLRENKE,Peptide,tryptic peptide,False
VGAGAGAAPFR,Peptide,tryptic peptide,False
KLQQHQAGEYFCK,Peptide,tryptic peptide,True
LNSTSDIEEK,Peptide,tryptic peptide,False
FVLLVSGLGLGGGGGESLLGTQLLVDVVTGQLGDEGEQCSAAHVSR,Peptide,tryptic peptide,False
GETVCTGCATAILR,Peptide,tryptic peptide,True
DSGIQSTPGSGHAPRTSSSS,Peptide,tryptic peptide,False
YGRDLSSVQTLLTKQE,Peptide,tryptic peptide,False
VWTETLIELFLQLGNGAGNR,Peptide,tryptic peptide,False
RLDVMEEMVEK,Peptide,tryptic peptide,False
KKLADMYGGGDD,Peptide,tryptic peptide,False
SLQEANAEK,Peptide,tryptic peptide,True
VQYSDEVKSEF,Peptide,tryptic peptide,False
VAKDFPE,Peptide,tryptic peptide,False
VALSSGSACTSASLEPSYVLRAIGTDE,Peptide,tryptic peptide,False
NSQPSSSTMISVLR,Peptide,tryptic peptide,False
DLHLKGPKVKGDA,Peptide,tryptic peptide,True
DEAQNEGPATESEAPLKEDGLLPKPLSSGGEEEEK,Peptide,tryptic peptide,False
HERPAGPGTPPPDSGPLAKDDR,Peptide,tryptic peptide,False
GHLTHNNVCLSSVFVSEDGHWK,Peptide,tryptic peptide,False
DLAVENPVK,Peptide,tryptic peptide,False
RWVRLDTDHLR,Peptide,tryptic peptide,False
VFCVEEEDSESSLQKR,Peptide,tryptic peptide,False
GLDTETTVEVAWCELQDRK,Peptide,tryptic peptide,False
DALYPVVSAASICAKVAR,Peptide,tryptic peptide,True
GRIQRQLEITGKK,Peptide,tryptic peptide,False
MTFALCCYSLTFMR,Peptide,tryptic peptide,False
GFPLATQLNVPPLPPR,Peptide,tryptic peptide,True
QKLEDRLAAAAREK,Peptide,tryptic peptide,False
SVKPGAHLTVKKIFVGGIKE,Peptide,tryptic peptide,False
SKEEGGRHKPF,Peptide,tryptic peptide,True
EEDDELLGNDDSDKTELLAGQKK,Peptide,tryptic peptide,True
LFSQDECAKIEAR,Peptide,tryptic peptide,False
FNAGIMELGLVYTPVMAIPPR,Peptide,tryptic peptide,True
THRALASCHSLMQLDDGTLVGDPLE,Peptide,tryptic peptide,False
TLTSNLNEVR,Peptide,tryptic peptide,True
EPESILQVLSQMEKIVRITWSNPPAQGAR,Peptide,tryptic peptide,False
NSDCVGSYTLIPYVVTATGR,Peptide,tryptic peptide,True
QDTITSKVPTDRE,Peptide,tryptic peptide,True
LQELGAYVDEELPDYIMVMVANK,Peptide,tryptic peptide,False
QGSNPHESDPLQGSAALSPR,Peptide,tryptic peptide,False
STVEGIQASVKTAR,Peptide,tryptic peptide,False
NLQEAKEQFERQTAVLQQQVTVNTEELK,Peptide,tryptic peptide,True
KELSDIAHR,Peptide,tryptic peptide,False
LTPTSPRGQPVGK,Peptide,tryptic peptide,True
AALEWTENLLDYLEQQDDMLLSDK,Peptide,tryptic peptide,True
NERPDGVLLTFGGQTALNCGVELTK,Peptide,tryptic peptide,False
VTKAYITSRLE,Peptide,tryptic peptide,False
VYALQPLDHEELELLQFQVSAR,Peptide,tryptic peptide,False
VTPPPPPVFSLLK,Peptide,tryptic peptide,False
HSHFYNQK,Peptide,tryptic peptide,False
QEEKELQDILPLYGDTSQRPSEGR,Peptide,tryptic peptide,True
DEAMADLHTLSEDSY,Peptide,tryptic peptide,False
KELGVGIALR,Peptide,tryptic peptide,True
AADELMCIDGIPVKGK,Peptide,tryptic peptide,False
STFINMTR,Peptide,tryptic peptide,False
EHTLIGSANSQDIQLCGMGILPEHCIIDITSEGQVMLTPQK,Peptide,tryptic peptide,False
FNVLLTTYEYIIKDK,Peptide,tryptic peptide,False
TISAEIQDELSR,Peptide,tryptic peptide,False
LTYDHFHQSVQEIFEVNNLPVESWQ,Peptide,tryptic peptide,True
KLGGLFLPPEASLSLDSSEGLLAR,Peptide,tryptic peptide,False
DSVFLSCSEDNR,Peptide,tryptic peptide,False
LVYFEGTK,Peptide,tryptic peptide,False
YPPPLIPPR,Peptide,tryptic peptide,True
RFYEDYQEK,Peptide,tryptic peptide,True
ELEAEGVK,Peptide,tryptic peptide,False
DDNGFGLTVSGDNPVFVQSVK,Peptide,tryptic peptide,False
RKLVAEVSLQNPLPVALEGCTFTVEGAGLTEEQK,Peptide,tryptic peptide,True
DPDDDKFFQSAMSICSSLR,Peptide,tryptic peptide,True
LTDTSKDEENHEESESLQEDMLGNR,Peptide,tryptic peptide,False
YKVTCQSSELAK,Peptide,tryptic peptide,True
ISTGQRTVNFKINRE,Peptide,tryptic peptide,False
AQEQSDHALMLR,Peptide,tryptic peptide,True
VGEGQSNSELAILSNEHGSY,Peptide,tryptic peptide,False
NSAAPIFK,Peptide,tryptic peptide,False
NKFGAACAPTCQMLATGVACVPTKCEPGCVCAE,Peptide,tryptic peptide,False
SQNSAIKQDAQSLHGDIPQKQREITL,Peptide,tryptic peptide,False
IDSDDALNHDFFWSDPMPSDLKGMLSTHLTSMFEYLAPPR,Peptide,tryptic peptide,False
DVDKWSFDVFALNEASGEHSLK,Peptide,tryptic peptide,False
HNYVTATSYLELIGSFRQLLTQKR,Peptide,tryptic peptide,True
AHPDVLTIMLQLFDEGRLTDGK,Peptide,tryptic peptide,False
KVIIDDQLPVDH,Peptide,tryptic peptide,True
ASPQVHPFPDHELE,Peptide,tryptic peptide,False
QLQPSVVWIEDTEK,Peptide,tryptic peptide,False
TKNAPSLPSR,Peptide,tryptic peptide,False
EHEKEVLQK,Peptide,tryptic peptide,False
DLLVVAHDLIR,Peptide,tryptic peptide,False
GEMMDLQHGSLFLR,Peptide,tryptic peptide,False
DSSDEHCVDISSVGTPLAR,Peptide,tryptic peptide,False
AMAETFYLSNIVPQDFDNNSGYWNR,Peptide,tryptic peptide,False
SSSGGSDSDRSVSGWNELGK,Peptide,tryptic peptide,False
KPASMGFPGLQIGHASQLLDTQVPSPPSR,Peptide,tryptic peptide,False
KRDIYDK,Peptide,tryptic peptide,False
STVVQLLER,Peptide,tryptic peptide,False
FFYHSENPKYPE,Peptide,tryptic peptide,True
KGGFVPYRDSK,Peptide,tryptic peptide,False
IQASPRDPENFPF,Peptide,tryptic peptide,False
ACTNGSGSMGSTTSVSSGTATAATHAAADLGSPSLQHSRDDSLDLSPQGR,Peptide,tryptic peptide,False
SLTNLSFLTDSEKK,Peptide,tryptic peptide,False
LNILEIVK,Peptide,tryptic peptide,True
KFGVTSGSSELEKVGSIF,Peptide,tryptic peptide,False
EIIGGDVEGTK,Peptide,tryptic peptide,False
LQSTEFSPSGSETGSPGLQNGEGQRGR,Peptide,tryptic peptide,False
LELMEKDLCVK,Peptide,tryptic peptide,True
LEQPDPGAVAAAAILR,Peptide,tryptic peptide,True
GLINREALPAFRPEANPL,Peptide,tryptic peptide,True
KTDKYGFLGGSQYSGSLESSIPVDVAR,Peptide,tryptic peptide,True
VGLYTISMNPANIYQFAVGGHDQFVR,Peptide,tryptic peptide,True
LGDLEEAPERERLPSVDLK,Peptide,tryptic peptide,False
NGDYVFMR,Peptide,tryptic peptide,False
TKTFKDLGVTDVLCE,Peptide,tryptic peptide,False
RQEIEQK,Peptide,tryptic peptide,True
SKQTFPFPTIYEGEKQHESEEPFMPEER,Peptide,tryptic peptide,False
IQLANEEYK,Peptide,tryptic peptide,False
TVWDVGGQDKIRPLW,Peptide,tryptic peptide,False
GPGQPYVVESVEPLPASLAPDSEEHSLGGQMEDIK,Peptide,tryptic peptide,True
ALLFQGVVDDEQVK,Peptide,tryptic peptide,True
KFALKEEDISR,Peptide,tryptic peptide,False
PGAGVPDFLPSAQR,Peptide,tryptic peptide,True
NGTIELMEPLDEEISGIVEVVGRVTAK,Peptide,tryptic peptide,False
DQLQQWLSE,Peptide,tryptic peptide,False
DTLGHRNEEAVILPCTQTERNLSPSNSCEPK,Peptide,tryptic peptide,False
LYWMGNKPPSFSNSDNPAADSDSLLTR,Peptide,tryptic peptide,False
LFEEQLK,Peptide,tryptic peptide,True
KQLEGGLALPSR,Peptide,tryptic peptide,False
LITSFLELHCLESPTELSQSSDSEAGDPASQS,Peptide,tryptic peptide,False
KYQTGEYLTEQEDEQR,Peptide,tryptic peptide,False
IPVNAVRPHTSSPGLGKPPGPCLQPK,Peptide,tryptic peptide,True
CQNAEYK,Peptide,tryptic peptide,True
LMRAVRVFEFGGPEVLK,Peptide,tryptic peptide,False
QDLFEPSSANTEDK,Peptide,tryptic peptide,False
VVTSSFVVPPCR,Peptide,tryptic peptide,True
NVLHFLQK,Peptide,tryptic peptide,False
MLVHSFSAMDRHDGTSNGTAR,Peptide,tryptic peptide,False
SNNITKLL,Peptide,tryptic peptide,False
IRNFPFDVTKVEVQKF,Peptide,tryptic peptide,False
SILAEYKIHNADVTLR,Peptide,tryptic peptide,True
LLSYINEEPLDANGYFNLGMLAMDDKK,Peptide,tryptic peptide,False
TAADTVAQITQRFY,Peptide,tryptic peptide,False
GELLLQLCRLEDAADVYRGLQERNPENWAYYK,Peptide,tryptic peptide,False
HSFNFVLSANLHGGAVVANYPYDK,Peptide,tryptic peptide,False
RFTLSFGHR,Peptide,tryptic peptide,True
MAGNEALSPTSPFREGRPGEWR,Peptide,tryptic peptide,False
ELNQAGQETLVTGWGYHSSREK,Peptide,tryptic peptide,False
SVTSSPVEKK,Peptide,tryptic peptide,False
KALLALNHGLDK,Peptide,tryptic peptide,False
MSIPMDGTAVITK,Peptide,tryptic peptide,True
DCLIPMGITSENVAER,Peptide,tryptic peptide,False
YEDFLSCAK,Peptide,tryptic peptide,False
NEGGESDWVKTEEVVVK,Peptide,tryptic peptide,False
LHMRCHQHFLRTEAK,Peptide,tryptic peptide,False
LAAGHLVQLPAGVK,Peptide,tryptic peptide,False
MEIDDGTSAWGDPSNYNNK,Peptide,tryptic peptide,False
CDSEKPRCAGCDELIF,Peptide,tryptic peptide,False
GCAEMIISMDSSQIHSK,Peptide,tryptic peptide,False
KQELQDERDSLAAQLEITLTK,Peptide,tryptic peptide,False
KYDEELEERLVEWIIVQCGPDVGRPDR,Peptide,tryptic peptide,False
VLATETVSHK,Peptide,tryptic peptide,False
DCRDWSDEPIK,Peptide,tryptic peptide,False
LPPTTLEK,Peptide,tryptic peptide,False
EALKHPFFDLLK,Peptide,tryptic peptide,False
DFGHVTEEWR,Peptide,tryptic peptide,False
DKLADMGIAIRVASPKLVMEEAPESYKNVT,Peptide,tryptic peptide,True
NIPHAFITHFNQEMADMIADSLKDDLSK,Peptide,tryptic peptide,False
YLFVLQLR,Peptide,tryptic peptide,False
THTGEKPYVCGECGK,Peptide,tryptic peptide,False
HEAAVRQAGAEAL,Peptide,tryptic peptide,True
RGVDTEDAHK,Peptide,tryptic peptide,False
KEYQPHVIVSTTGPNPFTTLTD,Peptide,tryptic peptide,False
SPPEMSLLHDVGPGTTIK,Peptide,tryptic peptide,False
YREFYQCDFDIAGNFDPMIPDAECLK,Peptide,tryptic peptide,False
DPVVLDCQAHGEVPIK,Peptide,tryptic peptide,False
DFEDLFK,Peptide,tryptic peptide,False
VTMQNLNDRLASYLENVR,Peptide,tryptic peptide,True
LEETKGQINNSIKDLTDGHFENILADNSVNDQTK,Peptide,tryptic peptide,False
RDYSPYYKTIEE,Peptide,tryptic peptide,False
FIGECKILSPPDISR,Peptide,tryptic peptide,False
MGGEQEEERFDGMLLAMAQQHEGGVQELVNTFFSFLR,Peptide,tryptic peptide,True
VNDIVDQVITIGK,Peptide,tryptic peptide,False
LQSSFWIVDK,Peptide,tryptic peptide,False
PSPLTLAPHDFANIKANVK,Peptide,tryptic peptide,True
AFDGAILFLSQK,Peptide,tryptic peptide,False
LSAHTHTLSLTDINELVCGAPGDAPCATSPCGGAGCR,Peptide,tryptic peptide,True
ERPAEPLTPPPSYGHQPQTGSGESSGASGDK,Peptide,tryptic peptide,False
EHVKGVEEAKQELQEVVEF,Peptide,tryptic peptide,False
VKQIEKRDSVLTSKNQIE,Peptide,tryptic peptide,True
DSLIKATIAGGGVIPHIHKSLIGKKGQQKTV,Peptide,tryptic peptide,True
SADDFIDK,Peptide,tryptic peptide,False
ELQERDQEVK,Peptide,tryptic peptide,False
CEEWRSQYEALK,Peptide,tryptic peptide,False
KMYPIDFE,Peptide,tryptic peptide,False
AASHLQQLMDEPPAPGSPEL,Peptide,tryptic peptide,False
ELYGINLSDGLSEEDFSIYSR,Peptide,tryptic peptide,True
DQKSQEVE,Peptide,tryptic peptide,False
GIGWMTSGSLEDEK,Peptide,tryptic peptide,False
FFNGTTNNNGLVR,Peptide,tryptic peptide,True
TRSESEKSTEVVPK,Peptide,tryptic peptide,False
EEFVATTESTTETKEPK,Peptide,tryptic peptide,True
PSVSEEVQATPNK,Peptide,tryptic peptide,False
IDISAVVAYTIAVK,Peptide,tryptic peptide,True
DAVYTLSAMTSGIRR,Peptide,tryptic peptide,False
DSGVTVNGELIGAPAPPNGHKK,Peptide,tryptic peptide,False
DSGPGWSGK,Peptide,tryptic peptide,False
VLDKKQEETAVLEEDSADW,Peptide,tryptic peptide,True
AGGSAALSPSKK,Peptide,tryptic peptide,True
TPEYPFKPPKVTF,Peptide,tryptic peptide,False
DFKFEFIGDAVTDDER,Peptide,tryptic peptide,True
DKRLSTHSPF,Peptide,tryptic peptide,False
WIYNFNIK,Peptide,tryptic peptide,False
FPQSGAPDPNCVTVTGLPENVEEAIDHILNLEEEYLADVVDSEALQVYMKPPAHEEAK,Peptide,tryptic peptide,False
FGGSFLNCVRESENSAQK,Peptide,tryptic peptide,False
CAEHGISPEGIVEEF,Peptide,tryptic peptide,False
YSPGYNTEVGDK,Peptide,tryptic peptide,False
PFPAPQTPGRLQPAPVIPSAPAAPK,Peptide,tryptic peptide,True
SEGYPGKRY,Peptide,tryptic peptide,False
DIVLPATEFLDQNR,Peptide,tryptic peptide,False
RAPLATMESLSDTESLYSFDSR,Peptide,tryptic peptide,True
ICLDVLKLPPK,Peptide,tryptic peptide,True
DVLSYHIPFLVSSIE,Peptide,tryptic peptide,False
SALVQVDADPQPLSDDGASLLALGEAR,Peptide,tryptic peptide,False
PFEDALR,Peptide,tryptic peptide,False
RSSSGEAGTPLVPIVVEPARPGAK,Peptide,tryptic peptide,True
ELISIFEQIYEVK,Peptide,tryptic peptide,False
TVSVIVQDEGVDAIPVKVL,Peptide,tryptic peptide,False
GSLDTMLGLLQSDLSRRGVPTQAK,Peptide,tryptic peptide,False
TQGSAGGGPGGSR,Peptide,tryptic peptide,False
CADSSFTVLAELR,Peptide,tryptic peptide,True
VKDKLKDATERY,Peptide,tryptic peptide,False
RLAKYNQLLRIE,Peptide,tryptic peptide,False
DEKTLVQILTEPRNAVIPQYQALFSM,Peptide,tryptic peptide,True
KLTEEFGPHTK,Peptide,tryptic peptide,False
QVMMENKLEVHKDK,Peptide,tryptic peptide,False
DGVVEITGKHEER,Peptide,tryptic peptide,True
AATMLLHTVEESAFVLADNLLK,Peptide,tryptic peptide,False
LILDLSMK,Peptide,tryptic peptide,False
VGHNEIIGVCR,Peptide,tryptic peptide,False
DQFNVLIK,Peptide,tryptic peptide,False
VSEVEEEKEPVPQPLPSDDTRVENMDISDEEEGGAPPPGSPQVLEEDEAELELQK,Peptide,tryptic peptide,True
VIYGLEPIFESGR,Peptide,tryptic peptide,True
QKVTGLDFIPGLHPILTLSK,Peptide,tryptic peptide,True
GGPEGVAAQAVASAASAGPADAEMEEIFDDASPGKQK,Peptide,tryptic peptide,True
GPAPCDRP,Peptide,tryptic peptide,False
LDALSNFHFIPK,Peptide,tryptic peptide,True
TVHLANLNLLPQGAQATSELR,Peptide,tryptic peptide,True
IIDVSTVKELCR,Peptide,tryptic peptide,False
KATEGSGSMR,Peptide,tryptic peptide,False
LQEGNESLTVEVSIDRNPPQLQGFR,Peptide,tryptic peptide,False
AQLTAVTPDTR,Peptide,tryptic peptide,False
RGYSLVSGGTDNHLVLVD,Peptide,tryptic peptide,False
DENLADPQAEDRPLVFF,Peptide,tryptic peptide,False
QESIVLKLQK,Peptide,tryptic peptide,False
SELLIQMDGVGGALENDDPSK,Peptide,tryptic peptide,True
KQNFALGKGDEE,Peptide,tryptic peptide,False
AKQEKVSAQYLSEIEMAK,Peptide,tryptic peptide,False
KLIDHYLGHNSEDPALE,Peptide,tryptic peptide,False
QVQPLVLLR,Peptide,tryptic peptide,False
GLPWTLAK,Peptide,tryptic peptide,False
TKDELTPLHCAAR,Peptide,tryptic peptide,False
IQEVWRQRYQSHPDAAVQ,Peptide,tryptic peptide,False
ELLQQQLQEANR,Peptide,tryptic peptide,False
FKENDASNIDGFLGPWAK,Peptide,tryptic peptide,False
KSLLDIISDPDAGTPED,Peptide,tryptic peptide,False
LSSTVKDTNFK,Peptide,tryptic peptide,False
LNINPEDGMADYSDPSYVKQMER,Peptide,tryptic peptide,True
FQSVDSDHSGY,Peptide,tryptic peptide,True
MQENLRFASSG,Peptide,tryptic peptide,False
NGEEPLPSEEEHCSVVEVTEEEVK,Peptide,tryptic peptide,False
HNVVRPQDQTVVF,Peptide,tryptic peptide,False
VVVHILDQNDLKPLFSPPSYR,Peptide,tryptic peptide,True
DEVFEYIIFRGS,Peptide,tryptic peptide,False
VLLLIKKRAPSPLPKMADVSAEE,Peptide,tryptic peptide,True
MRGNAVVGYLQCFDLE,Peptide,tryptic peptide,False
TLQALSNEKK,Peptide,tryptic peptide,False
NPGSSGTGGTATWKPGSSGPGSTGSWNSGSSGTGSTGNQNPGSPR,Peptide,tryptic peptide,False
KGKKSCHTAVGRTAGW,Peptide,tryptic peptide,False
CWDENQYLLCPHSAVAVNYHYQQIDR,Peptide,tryptic peptide,False
VYIYALKK,Peptide,tryptic peptide,False
VFVLDEADVMIDTQGFSDHSIR,Peptide,tryptic peptide,False
QMAMMEPMIGFAHGQINFFKK,Peptide,tryptic peptide,False
FNFQGYSQDK,Peptide,tryptic peptide,False
LQKRNHKDSQFE,Peptide,tryptic peptide,False
QQLERDQATVTEQLLR,Peptide,tryptic peptide,False
AEVSGVGYDGQGTVCLLPSK,Peptide,tryptic peptide,False
LDIEDQLVFLK,Peptide,tryptic peptide,False
KQQQQQQQGHK,Peptide,tryptic peptide,True
SIQTVVSCLFNPENR,Peptide,tryptic peptide,False
FQDVIGEGNFGQVLK,Peptide,tryptic peptide,False
YFFTSVSRPGRGEPR,Peptide,tryptic peptide,False
AMEATYINHNFSQQCL,Peptide,tryptic peptide,False
PYPNNFETTTVITVPTGYR,Peptide,tryptic peptide,False
MESLTDPSKLDSGK,Peptide,tryptic peptide,True
GPLEHLYSLHIPNCDKHGLYNLK,Peptide,tryptic peptide,False
NVLQLRLQQRRTREQLVDQGIMPPLK,Peptide,tryptic peptide,False
AAVPSVCFLVPPPNQE,Peptide,tryptic peptide,False
VFFIESICNDPGIIAENIR,Peptide,tryptic peptide,False
KIKLLEAAITPET,Peptide,tryptic peptide,False
AITGLQAEDEADYY,Peptide,tryptic peptide,True
TPEITVSIIK,Peptide,tryptic peptide,False
ELVNNLAEIYGR,Peptide,tryptic peptide,True
KTYDLLFKLLLIGDSGVGK,Peptide,tryptic peptide,True
GAHVFQPLLIAR,Peptide,tryptic peptide,True
VIDVTVPLQCLVKDSK,Peptide,tryptic peptide,False
QASHRDEGILTCISK,Peptide,tryptic peptide,False
IAIQGIITAIK,Peptide,tryptic peptide,True
GETASEGTEAKK,Peptide,tryptic peptide,False
DAVPEEVKR,Peptide,tryptic peptide,False
QRNTFSFAEK,Peptide,tryptic peptide,False
IITVEDHYPQGGIGEAVCAAVSMDPDIQVHSLAVSGVPQSGK,Peptide,tryptic peptide,False
APQTVYAR,Peptide,tryptic peptide,False
SLQSLAKPK,Peptide,tryptic peptide,False
VQIPVSRPDPEPVSDNEEDSYDEEIHDPR,Peptide,tryptic peptide,False
EESREPAPASPAPAGVEIR,Peptide,tryptic peptide,True
SQEHFSHNTVR,Peptide,tryptic peptide,False
DWAYYKANVAKAGLVD,Peptide,tryptic peptide,False
SNQYVYGIGGGTGCPTHKDR,Peptide,tryptic peptide,False
ISSLTSEIMK,Peptide,tryptic peptide,False
TPIPLLLR,Peptide,tryptic peptide,False
KEDLPAENGET,Peptide,tryptic peptide,False
LTDVAPVSFFLVLDVVYLVYESKHLHEGAK,Peptide,tryptic peptide,False
SNQYVYGIGGGTGCPTHK,Peptide,tryptic peptide,False
QLSSSSGNTDTQADEDERAQESQIDFLNSVIVDLQR,Peptide,tryptic peptide,False
CVAEEER,Peptide,tryptic peptide,False
HECGAAFTSK,Peptide,tryptic peptide,False
AGIGEVLGKKLEERGF,Peptide,tryptic peptide,True
IYYLGSEVPEK,Peptide,tryptic peptide,False
IEEALQK,Peptide,tryptic peptide,False
FNALITTYEILLK,Peptide,tryptic peptide,False
SAHEIILDFIR,Peptide,tryptic peptide,False
GFGQSVVQLQGSR,Peptide,tryptic peptide,False
DMYDLHHLYLTDNNLDHIPLPLPENLR,Peptide,tryptic peptide,True
LYECSECGKGFSQNSTLIIHQK,Peptide,tryptic peptide,True
GPNASPTVGPDEDAFPLAFDYSPGSHGLLSPDAGYQPTPLAAPAEPGSK,Peptide,tryptic peptide,True
LVKEIESLK,Peptide,tryptic peptide,False
ASYAVSETIPK,Peptide,tryptic peptide,False
CTVTGAGIGPTIQIGEETVITVDTKAAGK,Peptide,tryptic peptide,True
ESDRVYLDLTPVK,Peptide,tryptic peptide,False
SKEIRPVCRKF,Peptide,tryptic peptide,False
KGNAIDEADIPPPVAIGK,Peptide,tryptic peptide,False
NNKLNQLSVNLWHLAQR,Peptide,tryptic peptide,False
LVQLLTTTAEQQLR,Peptide,tryptic peptide,False
LYSAVCALGNHR,Peptide,tryptic peptide,False
GEDPVPTCLTR,Peptide,tryptic peptide,False
TKNALNIVKNDLIAKVDE,Peptide,tryptic peptide,False
SQGSPEDSAPQASPGPSKQQER,Peptide,tryptic peptide,False
DVEPEDPMFLMDPFAIHRQHMSR,Peptide,tryptic peptide,False
KDAGTITGLNVLRIINEPTAAAIAYGLD,Peptide,tryptic peptide,True
KSLLALEKEEEEER,Peptide,tryptic peptide,False
RVHPVSTMIKGLYGIK,Peptide,tryptic peptide,False
MGNYMDRVPTPQAIRAAQGLL,Peptide,tryptic peptide,True
IIRPDSGNPLDTVL,Peptide,tryptic peptide,False
IQVAGIYK,Peptide,tryptic peptide,False
ANVSNAGLPGDFR,Peptide,tryptic peptide,True
LVDQNLNKIGKDEMLQMIR,Peptide,tryptic peptide,True
MRKNLTQDE,Peptide,tryptic peptide,False
YNFDVTK,Peptide,tryptic peptide,False
LCIWLGSQIKSLCNLEE,Peptide,tryptic peptide,False
ALGEWGQLHQQCCE,Peptide,tryptic peptide,True
KGLLEDEADYVVPVEDNDENYIHPTESSSPPPE,Peptide,tryptic peptide,False
LDLTYSFLGSQGIGQCYDSSPCER,Peptide,tryptic peptide,True
DELEQELQK,Peptide,tryptic peptide,False
IIKASSKDAIRLLD,Peptide,tryptic peptide,False
DLNLMAPGLTIQAVRVTKPK,Peptide,tryptic peptide,False
KISPVKFSNTDSVLPPK,Peptide,tryptic peptide,False
YLQGPEPEPGQGTEDRF,Peptide,tryptic peptide,True
DEQHQCSLGNLK,Peptide,tryptic peptide,False
NCGQMSEIEAK,Peptide,tryptic peptide,True
LSLNPGKQRFE,Peptide,tryptic peptide,False
DKAVEQLAEGLLSHYLP,Peptide,tryptic peptide,False
WDEDECIHPVPGK,Peptide,tryptic peptide,False
ERLEAELRELEQLK,Peptide,tryptic peptide,False
NCIHTDDDEKISYR,Peptide,tryptic peptide,False
DYCGTMIIDGEEAPVAYTLDDTKPEGNYAAIMGFILAHK,Peptide,tryptic peptide,False
SGLGDSSSDPANPDSH,Peptide,tryptic peptide,False
DFLGKSDPFLEFFR,Peptide,tryptic peptide,False
LAPEIVSASQYR,Peptide,tryptic peptide,True
GYPTLKLFKPGQEAVK,Peptide,tryptic peptide,False
AVGLQPAGDVNLP,Peptide,tryptic peptide,False
KQNAQSSDESFEPYPERK,Peptide,tryptic peptide,False
PFATPTGYRPQDR,Peptide,tryptic peptide,False
ASETGSDEAIKSILEQAK,Peptide,tryptic peptide,False
VIIFDASWNPSYDIQSIFR,Peptide,tryptic peptide,False
FSFDTFSHHR,Peptide,tryptic peptide,False
QEREIETFDMESLR,Peptide,tryptic peptide,False
FYTMAHVR,Peptide,tryptic peptide,False
LDPTFASATLLFQK,Peptide,tryptic peptide,True
GTRYVQKGE,Peptide,tryptic peptide,False
SALKTTLAMKEE,Peptide,tryptic peptide,True
IARGKITDLANLSAANHDAAIFPGGFGAAK,Peptide,tryptic peptide,False
GTAVPVECPTCHK,Peptide,tryptic peptide,False
NKKEFDHNSNIR,Peptide,tryptic peptide,True
DNTEKLEDAESSNPNLQSLLST,Peptide,tryptic peptide,True
VRQPPGKGLEW,Peptide,tryptic peptide,True
HSVPLPTELSSEAK,Peptide,tryptic peptide,False
DPTPSFYDLWAQEDPNAVLGR,Peptide,tryptic peptide,False
CDHPAGGIHYEMCIECPPTFSDKR,Peptide,tryptic peptide,False
SHVSSNGGGGGSNEHPLEMPICAFQLPDLTVYNEDFR,Peptide,tryptic peptide,False
KICDQWDALGSLTHSRREALE,Peptide,tryptic peptide,False
SSAAAMWPGTDVPIHDTISSYFMNYNSSVSFEER,Peptide,tryptic peptide,True
HLSQLQDNPPQEKGE,Peptide,tryptic peptide,False
TPSQEGLPLEHVAGDR,Peptide,tryptic peptide,False
DWTEEDRAR,Peptide,tryptic peptide,False
QRAGLENMDR,Peptide,tryptic peptide,True
VDDEPMDVDKGPGSTKELIK,Peptide,tryptic peptide,False
GIDGNGKAPSKSELR,Peptide,tryptic peptide,False
HLSHLLTQK,Peptide,tryptic peptide,False
SGSVGSQAVAR,Peptide,tryptic peptide,False
REFQREDIALNYR,Peptide,tryptic peptide,False
DLGRLQVDMDELEEK,Peptide,tryptic peptide,False
APLKQEPLQVRVK,Peptide,tryptic peptide,True
DYTQYYDHISKQK,Peptide,tryptic peptide,False
HSPIKEEPCGSLSETVCK,Peptide,tryptic peptide,False
ILARDILEIGAQW,Peptide,tryptic peptide,False
ILAAILHLGNIEFVETEEGGLQKEGLAVAEEALVDHVAELTATPR,Peptide,tryptic peptide,False
GQYDVAVK,Peptide,tryptic peptide,True
EASLFIVPSVVK,Peptide,tryptic peptide,False
DMNGIIHPCTHPE,Peptide,tryptic peptide,True
GQEITVR,Peptide,tryptic peptide,False
APPRGPELR,Peptide,tryptic peptide,False
SNRSGDTPITVRQL,Peptide,tryptic peptide,False
GVQVLPR,Peptide,tryptic peptide,False
LNQQNKLGDTALHAAAWKGYAD,Peptide,tryptic peptide,True
GIIEVENLNHCEF,Peptide,tryptic peptide,False
SGSPRPTEPTDFLMLFEGSPSGKK,Peptide,tryptic peptide,False
TEEWYGTQYK,Peptide,tryptic peptide,False
LQESFQGAPDVISPR,Peptide,tryptic peptide,False
LFWEDVPNPK,Peptide,tryptic peptide,False
DLAAYFEEIGHPDSK,Peptide,tryptic peptide,False
TLRDSPNVEAAHLAR,Peptide,tryptic peptide,False
TFEEILPEIIISK,Peptide,tryptic peptide,True
EKCKYFHPPAHLQAK,Peptide,tryptic peptide,False
NRPVETYQVHE,Peptide,tryptic peptide,False
RLDALEHR,Peptide,tryptic peptide,False
DIELFMGKLEK,Peptide,tryptic peptide,False
SASVAPFTCKTSEAK,Peptide,tryptic peptide,False
GVDVQRFTADDQYK,Peptide,tryptic peptide,False
LHDRLLSAE,Peptide,tryptic peptide,False
YVCALCHK,Peptide,tryptic peptide,False
TNDPGVLQAAR,Peptide,tryptic peptide,True
DFSPEALKK,Peptide,tryptic peptide,False
TEVSSNHVLIYLDKVSNQTLSLFFTVLQDVPVR,Peptide,tryptic peptide,True
DLQSHLCMCAEGYALSR,Peptide,tryptic peptide,False
DNLSLASPKWGDKPGVSPSIGLSVGSGWPSSPGSDPPLPKPCG,Peptide,tryptic peptide,False
FGIVTSSAGTGTTEDTEAKKR,Peptide,tryptic peptide,True
DHYEATAMHRAAAKDT,Peptide,tryptic peptide,False
TTPLLSFLK,Peptide,tryptic peptide,False
SGTSLRERGSDASGQLF,Peptide,tryptic peptide,False
SSEDEELRK,Peptide,tryptic peptide,True
ARPMEGSLEEPQETSHSGSDKEHR,Peptide,tryptic peptide,False
DLYEDELVPLFEKAGPIW,Peptide,tryptic peptide,False
MFAQDTVCAPFPQR,Peptide,tryptic peptide,True
KVSTLPAITL,Peptide,tryptic peptide,False
GCYAKNFGPK,Peptide,tryptic peptide,False
TVGVNNPVFLLDEVDKLGK,Peptide,tryptic peptide,False
AVEYLLTGIPGSPEPEHGSVQESQVSEQPATEAGENPLEFLR,Peptide,tryptic peptide,True
QVDENWYHGEVNGIHGFFPTNFVQIIK,Peptide,tryptic peptide,False
RVTNVGSLLLTPQENESLFTFLGK,Peptide,tryptic peptide,True
HSARAIQKKIDLGKTT,Peptide,tryptic peptide,False
LSSEAVSVLWDLLR,Peptide,tryptic peptide,False
EHFPEGSRPVLSHLLLK,Peptide,tryptic peptide,False
AATIVATSEGSLWGLDR,Peptide,tryptic peptide,False
KDGFQPSRSIIF,Peptide,tryptic peptide,False
AMSAVITEGVKPTLSELEKF,Peptide,tryptic peptide,False
DRYYRNYYGYQGYR,Peptide,tryptic peptide,True
MESYHKPDQQKL,Peptide,tryptic peptide,False
KNVDRVSIR,Peptide,tryptic peptide,True
SQGAITERLRSFSMHDLTTIQGDEPVGQRPYQPLPEAK,Peptide,tryptic peptide,True
ALREEYEELLR,Peptide,tryptic peptide,False
RILFIKHFIIYSIPR,Peptide,tryptic peptide,False
ILQVRAASAPAK,Peptide,tryptic peptide,False
MIAGANFYIVGRDPAGMPHPETK,Peptide,tryptic peptide,False
RVLHQFRE,Peptide,tryptic peptide,False
TLSTIATSTDAASVVHSTDLVVEAIVENLK,Peptide,tryptic peptide,False
QGSGSGQSPSR,Peptide,tryptic peptide,True
DFIHDVNKKHKEF,Peptide,tryptic peptide,False
RCSGLPPMTPKTMPR,Peptide,tryptic peptide,True
CVVPGQAHAQVTWHK,Peptide,tryptic peptide,True
RKLSALALLSLLPSDNSVIQDK,Peptide,tryptic peptide,False
QAFRPQLPAYESLVQEIHHYVTSIAK,Peptide,tryptic peptide,True
NDINVVQAFEMLASR,Peptide,tryptic peptide,False
GSQGPPGPTGNK,Peptide,tryptic peptide,True
FLSQLEITFRR,Peptide,tryptic peptide,True
EYALPQHHLIQDVPSK,Peptide,tryptic peptide,True
LAFAEEVMDDILDSADQPLTGR,Peptide,tryptic peptide,True
MNLVLFDDALEHLTR,Peptide,tryptic peptide,False
DFIMATYLA,Peptide,tryptic peptide,True
SGDSGDRPGQK,Peptide,tryptic peptide,False
LSDASDERGEPDLASGSDVNGSTESFEMVIEEATIDSATK,Peptide,tryptic peptide,False
GDGRPWMVNIKEDTDFFQR,Peptide,tryptic peptide,False
MIEPFGNQYIVARPVYSTNAFEENHK,Peptide,tryptic peptide,False
AVHALQTNQPLVSSQTGLESVMGK,Peptide,tryptic peptide,True
VEVESIAETYGRIEK,Peptide,tryptic peptide,True
EPTTHAEAQGDEGDGEEGLQR,Peptide,tryptic peptide,False
IQDLVDLK,Peptide,tryptic peptide,False
WGFCETEEEAAKRR,Peptide,tryptic peptide,False
TSLLHEEVSLVEK,Peptide,tryptic peptide,False
GHEVTVLTSSASTLVNASK,Peptide,tryptic peptide,True
QKQVVILSQDSFYR,Peptide,tryptic peptide,False
NGGVLTSALNVSCLAK,Peptide,tryptic peptide,False
EEGSPQLSSARPSPAQR,Peptide,tryptic peptide,False
NLDLPGLWDVPAWESTQHPWPVCGESCWENNHLVMHQR,Peptide,tryptic peptide,False
TVYSLQPPSALSGGQPADTQTRATSK,Peptide,tryptic peptide,False
VAQFLTVTVDLEQRR,Peptide,tryptic peptide,True
SKERALNSASTSLPTSCPGSEPVPTHQQGQPALE,Peptide,tryptic peptide,False
VGPGHTR,Peptide,tryptic peptide,False
LEHEEVATQLHLTQAALQQVLNER,Peptide,tryptic peptide,True
KGDVEEDEAVPDSEQDIKPRFH,Peptide,tryptic peptide,False
GAEGGLDFGIVR,Peptide,tryptic peptide,True
FDPASPSSLHFLYK,Peptide,tryptic peptide,True
NGFFGVAPGTSATTNPNAMATIQSNTIFTNVAE,Peptide,tryptic peptide,False
LFVGLEHAVPTFNVK,Peptide,tryptic peptide,False
CLLTNGKLPLWAK,Peptide,tryptic peptide,False
KVFVFPRESVTDHVNLITPLE,Peptide,tryptic peptide,True
QPFDSIFHSVRAEDDFK,Peptide,tryptic peptide,False
GPPRPRPAPAVGEAEDKENQQATSGPNQPSVRR,Peptide,tryptic peptide,False
SVCLDRHSSDEQSAPVFGK,Peptide,tryptic peptide,True
LHLEQLDER,Peptide,tryptic peptide,False
HEDANKAVEEMNGK,Peptide,tryptic peptide,False
TLGLFLRE,Peptide,tryptic peptide,False
EAVSARGEWFLLGSPGS,Peptide,tryptic peptide,False
AESCYLTWDAPLDNGGSEITHYVIDKR,Peptide,tryptic peptide,False
DVLFAIK,Peptide,tryptic peptide,False
SVVALHNLINNKIANRDAEK,Peptide,tryptic peptide,True
GLREENEGVY,Peptide,tryptic peptide,False
LIHLNHRYQGKFLNKNPVGPGKYVFD,Peptide,tryptic peptide,False
VAGLHKVTVLFAGQNIERSPFEVNVGMALGDANK,Peptide,tryptic peptide,False
VIVMLYNK,Peptide,tryptic peptide,False
NRLWGPLEVR,Peptide,tryptic peptide,False
TSDLIQHQK,Peptide,tryptic peptide,True
KADTTICL,Peptide,tryptic peptide,False
GDHTYAECCLTVVAR,Peptide,tryptic peptide,False
FKVGTDGVITVK,Peptide,tryptic peptide,False
CAHLGLSPKDIVEMEL,Peptide,tryptic peptide,False
KTPVQLDLGDMLAALE,Peptide,tryptic peptide,False
VTTQYGGQYRTVHTE,Peptide,tryptic peptide,False
LQCCHGFYESR,Peptide,tryptic peptide,False
NYTENELEK,Peptide,tryptic peptide,True
TLAPPPHLPGPPPGAPPPAPHVNPAFFPPPTNSGMPTSDSRGPPPTDPY,Peptide,tryptic peptide,False
GGPMGVSMGQPSYTQPQMPPHPAQLR,Peptide,tryptic peptide,True
GSRFPDENFTLKHVGPGVL,Peptide,tryptic peptide,False
VGFVGISNWALDPAK,Peptide,tryptic peptide,False
MEEAEELLLEGK,Peptide,tryptic peptide,True
NEEIQSFIYSLK,Peptide,tryptic peptide,False
TLQFGHMSVTVER,Peptide,tryptic peptide,True
IAQLEEQVEQEAREKQAATK,Peptide,tryptic peptide,False
EASSQAPFIASLCLK,Peptide,tryptic peptide,False
QQIAEIEKQTKEQSQLTATQTR,Peptide,tryptic peptide,True
KSVLGQLGITKVFSNGADLSGVTEEAPLKLS,Peptide,tryptic peptide,False
YLELNSLPSKETCENR,Peptide,tryptic peptide,False
TPYTIENSSHR,Peptide,tryptic peptide,False
LVETSLKGER,Peptide,tryptic peptide,False
LLEKHDESVTDVTEVPQDFEK,Peptide,tryptic peptide,False
EYQEPEVPESNQKQWQSK,Peptide,tryptic peptide,False
DNYRFAHTNVESLVNEYDDNGEGIILFRPSHLTNKFE,Peptide,tryptic peptide,True
NLPEQVFRGLGK,Peptide,tryptic peptide,False
SSPEEATKAVTEMNGRIVATKPLYVAL,Peptide,tryptic peptide,False
DLELEQYK,Peptide,tryptic peptide,False
VPEMAVPEVR,Peptide,tryptic peptide,False
FYKNWHK,Peptide,tryptic peptide,False
QLSALGFVIPAK,Peptide,tryptic peptide,False
DYRDDVAER,Peptide,tryptic peptide,False
TYIYDHGFPYTDPVGVLYEDGDDTVATR,Peptide,tryptic peptide,True
RFIVVREPSGTLRKASWEE,Peptide,tryptic peptide,False
QSSSSVKKD,Peptide,tryptic peptide,False
TIASQHPNTR,Peptide,tryptic peptide,True
GVIKLRSVTSREE,Peptide,tryptic peptide,False
HGQPIPRVEYMEEEK,Peptide,tryptic peptide,False
SIVYSCEWPLYMWPFQKPNYTEIR,Peptide,tryptic peptide,False
DYTQYYDHISK,Peptide,tryptic peptide,False
IILGGSMAR,Peptide,tryptic peptide,False
TLLKTEEWVLVLPPWGR,Peptide,tryptic peptide,False
AVGNVTPLQLLD,Peptide,tryptic peptide,True
LDPILCDCILEK,Peptide,tryptic peptide,False
FIDNPRHIEIQVLGDK,Peptide,tryptic peptide,False
NIFESFVDYVAVEQLDGDNKYDAGEHGLQEAEK,Peptide,tryptic peptide,False
SLSELCLAVPAPGIR,Peptide,tryptic peptide,False
WREEHRLSATQQSELRDVCDYAIETMPSFPK,Peptide,tryptic peptide,False
LQCVPNPELLQTEDSLK,Peptide,tryptic peptide,False
SKQPPPASSPTKR,Peptide,tryptic peptide,False
HDFRWTDGSTLQYE,Peptide,tryptic peptide,False
TLEQKPHFE,Peptide,tryptic peptide,False
KAPVKKKAAKKAGGTPRKASGPPVSE,Peptide,tryptic peptide,True
TPEESWVVFR,Peptide,tryptic peptide,False
KTEEMLSNQMLSGIPEVDLGIDAK,Peptide,tryptic peptide,True
HNFMQLERPGGLDTLYK,Peptide,tryptic peptide,False
RGRPPAEKLSPNPPNLTK,Peptide,tryptic peptide,False
LGSPAPQGCYAEALNGAAR,Peptide,tryptic peptide,True
MLEELECGAPGARGAATAMDCK,Peptide,tryptic peptide,False
FSCPPNFTAKPPASESPR,Peptide,tryptic peptide,False
LPKSYDYDLIIIGGGSGGLAAAKE,Peptide,tryptic peptide,False
AKAVRAHME,Peptide,tryptic peptide,False
NHHCIPLR,Peptide,tryptic peptide,False
PMFIVNTNVPR,Peptide,tryptic peptide,True
AHPAPSMGSLR,Peptide,tryptic peptide,False
RSFITTDVNPYYDSFVR,Peptide,tryptic peptide,False
FSIRLVPNMTPEVVGEQVTSYLTK,Peptide,tryptic peptide,False
LLSDKLK,Peptide,tryptic peptide,False
KVIDANQR,Peptide,tryptic peptide,False
QESELMYK,Peptide,tryptic peptide,False
LESNGIKVSGL,Peptide,tryptic peptide,False
KKQIQFADDMQEFT,Peptide,tryptic peptide,True
IRMENILSGNPLLNLTGPSQPQANFK,Peptide,tryptic peptide,True
ALNNLNKLNSALCNRRKGELE,Peptide,tryptic peptide,False
SLESINSR,Peptide,tryptic peptide,False
NAIAITNISSSDAPLQPLVSSPSLQAAVDKNKLEK,Peptide,tryptic peptide,False
QELFASR,Peptide,tryptic peptide,True
MDFILSHAVYCR,Peptide,tryptic peptide,False
MTQIMFEAFNTPAMYVAIQAVLSLYASGR,Peptide,tryptic peptide,True
SCVAVTSAQPQNMSR,Peptide,tryptic peptide,True
IMAVIKEWGTGR,Peptide,tryptic peptide,False
TKALSLARALEE,Peptide,tryptic peptide,False
AYPTPLRSKK,Peptide,tryptic peptide,False
ALATNPNLTALDISGNAMGDAGAK,Peptide,tryptic peptide,False
FVVLEMINDMTNVEDEHLQHQFHR,Peptide,tryptic peptide,False
IQTPPPKK,Peptide,tryptic peptide,False
KTYCCDL,Peptide,tryptic peptide,True
LKPGHVLDVEGEGLNLGISK,Peptide,tryptic peptide,False
RTDLTVLVAHNDDPTDQMFVFFPEEPK,Peptide,tryptic peptide,False
QTLLIFFQDLHIR,Peptide,tryptic peptide,False
KSQGKGAGGEDLIMLDIY,Peptide,tryptic peptide,False
DSVEDFKTKYEEEINKRTAAEN,Peptide,tryptic peptide,True
AYGYTLDER,Peptide,tryptic peptide,False
WSRPLLVK,Peptide,tryptic peptide,True
VLVVPTDGSPWLSMR,Peptide,tryptic peptide,False
TTAGDIDIELWSK,Peptide,tryptic peptide,False
RTAAFQQDLEAK,Peptide,tryptic peptide,True
EPQGFHK,Peptide,tryptic peptide,True
FITPTSKSVDCF,Peptide,tryptic peptide,True
AGQSPGARAALL,Peptide,tryptic peptide,False
